Title,Link,Views,Uploaded_by,Time_duration
Chalo Punjab Rishta Lekeâ¤ï¸,https://www.youtube.com/watch?v=HJOr3POIz58,155K views,1 hour ago,    17:29  
Match Ke Baad Mohammed Shami Bhai Se Milna Reh GayağŸ™,https://www.youtube.com/watch?v=VYZO5rA0a00,1.1M views,1 day ago,    13:35  
Kya Hum Biggboss17 Me Uk 07 Rider Ko Support Kar Rhe Hai?,https://www.youtube.com/watch?v=7V_1aYKeff8,1.2M views,2 days ago,    15:09  
Is UK07 Rider Really A Joker? Biggboss 17,https://www.youtube.com/watch?v=1XVOW3U6_40,2M views,3 days ago,    18:24  
Diwali Pe HR26 Gang Vapasâ¤ï¸,https://www.youtube.com/watch?v=vfgNGNfz_30,1.5M views,4 days ago,    16:42  
Naye Ghar Ki Shurwat Diwali Seâ¤ï¸,https://www.youtube.com/watch?v=BNNZ0R7GLwA,2.2M views,5 days ago,    21:54  
Itne Din Baad Mummy Papa Ke Sath Bethaâ¤ï¸ğŸ™ğŸ»,https://www.youtube.com/watch?v=vuGdkNovYmo,1M views,6 days ago,    14:18  
Finally Itne Time Baad Apni New Car ChalayiğŸ˜,https://www.youtube.com/watch?v=OIQ4Zcd2YAU,1.3M views,7 days ago,    12:41  
Finally New Ghar Ready Ho GayağŸ˜,https://www.youtube.com/watch?v=velg9uBtgTk,3.8M views,10 days ago,    13:57  
Kya Me Arrest Ho Gaya?,https://www.youtube.com/watch?v=rDUdIgxmoaQ,3.3M views,12 days ago,    14:45  
I Need your Support ğŸ™ğŸ»,https://www.youtube.com/watch?v=F-_ZI4i2zoA,2.7M views,13 days ago,    17:07  
Me and Manisha Went Into Bigboss 17â¤ï¸,https://www.youtube.com/watch?v=YsH0GPo4HMM,2.7M views,2 weeks ago,    15:05  
Biggboss Ke Baad Pehli Baar Mileâ¤ï¸,https://www.youtube.com/watch?v=pMhdF-fKvX4,4.1M views,2 weeks ago,    19:22  
My Biggest Announcement â¤ï¸,https://www.youtube.com/watch?v=8RBPug5qSFw,1M views,2 weeks ago,    10:09  
Ye Kya Hora Hai Bigboss 17 MeğŸ˜‚,https://www.youtube.com/watch?v=JRZtGh3WA_g,1.2M views,2 weeks ago,    20:27  
THIS IS SERIOUSâ—ï¸â—ï¸,https://www.youtube.com/watch?v=VdEc1dNy7jk,1M views,2 weeks ago,    18:10  
Chandigarh Police Ne Be Faltu Me Pakad LiağŸ¥µ,https://www.youtube.com/watch?v=vjFqFQbZHxI,985K views,2 weeks ago,    17:54  
Konsi Gang Ka Nikla Jisne 1 Crore Mange?,https://www.youtube.com/watch?v=-73QQHqD1Rc,1.3M views,2 weeks ago,    16:03  
Muje Mili 1 Crore Ki Dhamki - The Real Story,https://www.youtube.com/watch?v=JNL-Xjd7vsA,1.5M views,3 weeks ago,    17:08  
Kataria Ki New Girlfriend RevealğŸ˜,https://www.youtube.com/watch?v=jUWvRpTFG38,1.2M views,3 weeks ago,    16:52  
Ghar Aate Hi Meri Shadi Ki Baat ShuruğŸ˜‚,https://www.youtube.com/watch?v=Fv24fLbLULk,1.3M views,3 weeks ago,    15:03  
Mera Break Up Kab Hua ? Q&A 2023 | Elvish Yadav,https://www.youtube.com/watch?v=KlEvDlVuuWw,2.1M views,3 weeks ago,    26:52  
Indore Meetup Me Serious Accident Ho GayağŸ¥µ,https://www.youtube.com/watch?v=WQo5njr9X0M,1.1M views,3 weeks ago,    29:40  
Gujrat Ki Famous Navratri Celebrate Kari Itne Logo Ke Sathâ¤ï¸,https://www.youtube.com/watch?v=w7jkJxgOSXs,1.1M views,3 weeks ago,    33:09  
Taking Delivery Of My New Sportscar ğŸ˜,https://www.youtube.com/watch?v=Gjuc1-aQfHI,1.8M views,3 weeks ago,    20:02  
Papaâ€™s Reaction To My â‚¹1.5 Lakhs Gucci BagğŸ¥µ,https://www.youtube.com/watch?v=QyrEyQa2nlI,1.3M views,4 weeks ago,    15:43  
Chattisgarh Meetup Went CrazyğŸ˜ 1 Lakh+,https://www.youtube.com/watch?v=3ZDBNO6u4tc,1.3M views,4 weeks ago,    24:36  
Elvish And Manisha Are Back With Boleroâ¤ï¸,https://www.youtube.com/watch?v=v5fZwuesKhQ,1.3M views,4 weeks ago,    16:17  
Going Wild Card Again In Biggboss 17ğŸ˜,https://www.youtube.com/watch?v=BIYlYVxLtCs,1.2M views,1 month ago,    14:57  
Biggboss 17 Me Kisko Support Karra HuğŸ˜,https://www.youtube.com/watch?v=RZb40ZQneMI,1.5M views,1 month ago,    15:31  
We Faced Racism In London ğŸ™ğŸ»,https://www.youtube.com/watch?v=gIX9H-4Z0E8,984K views,1 month ago,    15:15  
Celebrating Avneetâ€™s Birthday In London ğŸ˜,https://www.youtube.com/watch?v=LCdEDElthaE,1.7M views,1 month ago,    12:09  
Importing A Range Rover From Scotland To Indiaâ¤ï¸*TAXFREE*,https://www.youtube.com/watch?v=rcAA_iwYkiA,1.2M views,1 month ago,    18:23  
Scotland Me Bhi Mile â€œELVISHAâ€ FansğŸ˜,https://www.youtube.com/watch?v=2ZGG3KtaUlU,1.1M views,1 month ago,    16:34  
Angrez Se Serious Wali Ladai Ho GayiğŸ˜¡,https://www.youtube.com/watch?v=KGrWZB5l-T0,1.3M views,1 month ago,    13:21  
I Visited Londonâ€™s Most Haunted PlaceğŸ¥µ,https://www.youtube.com/watch?v=DSUm7lRgPr0,1.1M views,1 month ago,    14:51  
London Me Isreal Palestine Ke Protest Chalu Ho GayeğŸ¥µ,https://www.youtube.com/watch?v=dx0liCxboPs,1.5M views,1 month ago,    13:46  
Elvish Yadav Reached LondonğŸ‡¬ğŸ‡§,https://www.youtube.com/watch?v=b11eY1ZH2fM,1.4M views,1 month ago,    17:06  
Pune Me Bhi Jai Shree Ram Ke Naare Lagwa DiyeğŸ˜,https://www.youtube.com/watch?v=BKI1Mgqm6Tg,1.4M views,1 month ago,    21:12  
Chore Haryana Wale Ne Tod Diye Records â€‹â @Ankitbaiyanpuria â¤ï¸,https://www.youtube.com/watch?v=74QKk3SV7qo,1.4M views,1 month ago,    12:59  
Rajasthan Behror Meetup Gone Crazyâ¤ï¸,https://www.youtube.com/watch?v=cz1QA9vAn7k,1.6M views,1 month ago,    27:36  
Finally Elvisha Reunion ğŸ˜,https://www.youtube.com/watch?v=Cd__8yJeno4,3.8M views,1 month ago,    12:39  
Taking Delivery Of My New CarğŸ˜,https://www.youtube.com/watch?v=XJRBBzOs6B0,2.5M views,1 month ago,    18:52  
Finally Chore Haryana Aale Our New Song With @Ankitbaiyanpuria BhaiğŸ˜,https://www.youtube.com/watch?v=kwgdbu5t3xs,1.9M views,1 month ago,    15:51  
Shoot Pe King Cobra Se Bhi Khatarnak Saanp Aa GayağŸ¥µ,https://www.youtube.com/watch?v=OD4nwjpx6kg,1.6M views,1 month ago,    22:31  
I Won Youth Icon Of The Year AwardğŸ™ğŸ»,https://www.youtube.com/watch?v=-nT1Y7n9X30,1.4M views,1 month ago,    14:21  
Kataria Ke Birthday Pe Controversy Ho Gayi,https://www.youtube.com/watch?v=0xKAVP61IDo,1.7M views,1 month ago,    15:15  
My Last Warning,https://www.youtube.com/watch?v=9tL-2eQN2co,2M views,1 month ago,    12:54  
Why So Much Hate? Negative PR Pe â‚¹25 Lakh Laga diyeğŸ˜‡,https://www.youtube.com/watch?v=XsKhlLd5DYk,2.3M views,1 month ago,    25:24  
Manisha Rani Ne Dhoka De DiyağŸ˜,https://www.youtube.com/watch?v=fgBaNBMa6jo,2.2M views,1 month ago,    10:31  
I Met Shahrukh Khan At Maharashtra CM HouseğŸ˜,https://www.youtube.com/watch?v=xGb6qDUvlVU,2.1M views,1 month ago,    11:16  
Hum Mumbai Me Manisha Se Kyu Nahi Mile?,https://www.youtube.com/watch?v=rUpIc8_pfhI,1.8M views,1 month ago,    14:09  
Finally Lalbaugcha Raja Ke Darshan Ho GayeğŸ˜,https://www.youtube.com/watch?v=Ja5Q69_Q9Io,1.6M views,1 month ago,    15:24  
Aaj @Ankitbaiyanpuria  Bhai Ke Sath Maare SapaateğŸ’ª,https://www.youtube.com/watch?v=-uu4-oLmhOI,2.7M views,1 month ago,    10:55  
Taking Delivery Of My New SportscarğŸ˜,https://www.youtube.com/watch?v=ObvdsBGZ0EM,5M views,1 month ago,    29:31  
Goodnews Me Chacha Ban Gaya ğŸ˜,https://www.youtube.com/watch?v=0OINcpCxhLY,1.8M views,1 month ago,    16:31  
Chukku Pehli Baar India Wale Ghar AayiğŸ˜,https://www.youtube.com/watch?v=gtbd5k7KHCo,2.5M views,1 month ago,    25:00  
Lo Mil Lo Punjab Wali Se ğŸ˜,https://www.youtube.com/watch?v=Pci6RuFY8i4,2.6M views,1 month ago,    13:03  
Urvashi Aur Esha Ke Sath Bombay Ka Systumm HangğŸ˜‚,https://www.youtube.com/watch?v=7Yjwp082I5A,3.3M views,2 months ago,    14:03  
Finally Biggboss Reunion Ho GayağŸ˜,https://www.youtube.com/watch?v=XNoFphiBKVs,4M views,2 months ago,    18:05  
He Gifted Me A Rolls Royce On My Birthday ğŸ˜,https://www.youtube.com/watch?v=DNbtzewzOVU,2.9M views,2 months ago,    21:01  
My Birthday In DubaiğŸ˜,https://www.youtube.com/watch?v=JALcjMKGM00,2.5M views,2 months ago,    18:35  
My New House In DubaiğŸ˜,https://www.youtube.com/watch?v=HVxx6yQzUOE,2.5M views,2 months ago,    27:04  
Finally Movie Shoot Ke Liye Dubai Nikal GayeğŸ˜,https://www.youtube.com/watch?v=1P-KXVwzEbg,1.9M views,2 months ago,    11:34  
Ex Biggboss Contestant Abused Me For No ReasonğŸ¤¬,https://www.youtube.com/watch?v=dBmDf9QbXwM,2.7M views,2 months ago,    28:02  
Govinda Sir Ne Mujhe Bollywood Movie DediğŸ˜,https://www.youtube.com/watch?v=FFsqQZ4N250,2.6M views,2 months ago,    13:51  
Met Shehnaaz Gill  For The First TimeğŸ˜,https://www.youtube.com/watch?v=cfClvo2-_FE,3.8M views,2 months ago,    13:05  
Police Ka Scene Ho Gaya Shoot PeğŸ¥µ,https://www.youtube.com/watch?v=jOMaYILz8Ek,2.1M views,2 months ago,    15:07  
Song Shoot Pe Serious Wali Ladai Ho GayiğŸ˜¡,https://www.youtube.com/watch?v=MbW7fYs1fJ0,2.2M views,2 months ago,    17:05  
Finally Bollywood Ka Done With Manisha? | Elvisha Reunion? Ya Koi Aur,https://www.youtube.com/watch?v=vHxfpjreBPY,3.6M views,2 months ago,    15:01  
Finally Pooja Bhatt Ke Sath Date Pe Jara Hu Biggboss Ke BaadğŸ˜,https://www.youtube.com/watch?v=oI2dkGhyWR0,2.7M views,2 months ago,    24:36  
Shoot Pe Russian Ladki Se Galat Baat KehdiğŸ˜‚,https://www.youtube.com/watch?v=Ce9r4ijwLvE,4.3M views,2 months ago,    21:47  
Thailand Me Aaj Systumm Hang Kar DiyağŸ˜,https://www.youtube.com/watch?v=3wQj7edswvE,2.9M views,2 months ago,    15:23  
Meeting My Niece For The First TimeğŸ˜ *India To Bangkok*,https://www.youtube.com/watch?v=ARs2q0sNosI,4.8M views,2 months ago,    13:06  
Finally Biggboss Ke Baad New Supercar Le Hi LiğŸ˜,https://www.youtube.com/watch?v=NO8Zm7Ohz5Q,3.8M views,2 months ago,    23:08  
Bigboss Me Kisko Kitne Votes Mile * Finally Revealing*ğŸ™ğŸ»,https://www.youtube.com/watch?v=KUmEdYceP_c,2.6M views,2 months ago,    18:25  
Meet My Punjab Wali Girlfriend ğŸ˜,https://www.youtube.com/watch?v=otFJg566Who,4.7M views,2 months ago,    17:28  
Abhishek Aur Jiya Ke Sath Mera Gaana Aara HaiğŸ˜,https://www.youtube.com/watch?v=fgKbF9YRvHc,3.3M views,2 months ago,    16:45  
Biggboss Ke Baad New Ghar Pe Pohoch GayağŸ˜,https://www.youtube.com/watch?v=nOuGxm9XzgA,6.1M views,2 months ago,    20:13  
Finally Me Biggboss 17 Me Jara huğŸ˜,https://www.youtube.com/watch?v=VqCsNsdyEOY,4.4M views,2 months ago,    20:25  
Manisha Aur Tony Kakkar Ka Kya Chalra haiğŸ˜ *REVEALED*,https://www.youtube.com/watch?v=qjDoh5zCws4,7.3M views,2 months ago,    17:30  
Police Prank On Jiya Gone WrongğŸ˜‚,https://www.youtube.com/watch?v=A6B4gJ6iZmM,6.7M views,2 months ago,    29:24  
Finally Sourav Joshi Ki Porsche Ke Sath Drag Race Hogi Ab | Chandrayaan 3 Bhi SuccessfulğŸ˜,https://www.youtube.com/watch?v=PS2s8xm0v1k,4M views,2 months ago,    17:26  
Finally Biggboss Ke Baad Manisha Se Baat Ho Hi GayiğŸ˜,https://www.youtube.com/watch?v=2ghZQlFHTwo,6.9M views,2 months ago,    15:05  
Taking Delivery Of My Beast | Surprise Reveal|ğŸ˜,https://www.youtube.com/watch?v=y9MeT_gSG5Y,5.9M views,2 months ago,    18:03  
Systumm Hang With Chief Minister Of Haryana | Biggest Meetup Of IndiağŸ™ğŸ»,https://www.youtube.com/watch?v=4oc5XFCRKYc,7.6M views,2 months ago,    22:23  
We Broke Mc Stan Live Instagram Record Feat The Uk07 Rider | Bpraak,https://www.youtube.com/watch?v=7F3GE5LkG4Q,3.8M views,2 months ago,    14:10  
Biggboss Ke Baad Sahil Khan Bhai Se Bhi Mil LiyeğŸ˜,https://www.youtube.com/watch?v=piIcv-7HjYs,4.6M views,2 months ago,    9:56  
1001 Gaadiyan Ayengi Kya Gurgaon AirportğŸ˜,https://www.youtube.com/watch?v=xAomcqqUv8g,7.4M views,2 months ago,    16:12  
Meri Aur Abhishek Ki Ladai Ho GayiğŸ˜¡,https://www.youtube.com/watch?v=hHL_iambeUU,8.4M views,3 months ago,    15:04  
Biggboss Ke Baad Dekho Kaun Aaya Mujhse MilneğŸ˜‚,https://www.youtube.com/watch?v=oZjQcobzHVs,9.1M views,3 months ago,    17:15  
We Won The Bigg Boss Ott Season 2ğŸ™ğŸ»,https://www.youtube.com/watch?v=g8lIO35vwH4,8.3M views,3 months ago,    19:14  
Final Voting Current Update ğŸ”¥,https://www.youtube.com/watch?v=zrsZ3LeN1lk,2.6M views,3 months ago,    6:37  
Important Information ğŸ™ğŸ» | Elvish Yadav - Bigg Boss,https://www.youtube.com/watch?v=xyaJ4rBQksk,1.7M views,3 months ago,    9:30  
Dharambir Tau ki Appeal To Vote Elvish ğŸ™ğŸ»,https://www.youtube.com/watch?v=3KZo6qJQ5Fw,1.2M views,3 months ago,    13:50  
Vote For Elvish Yadav ğŸ™ğŸ» *Finale*,https://www.youtube.com/watch?v=1pxqJRbrVV4,1M views,3 months ago,    9:18  
Elvish Yadav Biggest Delhi Meetup ğŸ”¥ | 1 Lakh+ Log,https://www.youtube.com/watch?v=kEPn-bkjTM4,3.7M views,3 months ago,    12:34  
à¤šà¤•à¥à¤•à¤¾ jam Ke Lie Tayyar Ho na ? | Vote For Elvish Meetup,https://www.youtube.com/watch?v=Ytbl_r0NMII,2M views,3 months ago,    11:24  
Vote For Elvish - Nominate Ho Gaye ğŸ¥º,https://www.youtube.com/watch?v=TdhcgBqbFMk,1.1M views,3 months ago,    13:47  
Bigg Boss Finale Se Phle Ye Kya Ho Gya ğŸ¥µ,https://www.youtube.com/watch?v=nWRaWM1LCuo,1.3M views,3 months ago,    10:42  
Parents Reacting To Weekend Ka Vaar | Bigg Boss,https://www.youtube.com/watch?v=vICd06zi8YU,1.2M views,3 months ago,    11:51  
Thank You Elvish Army | Bigg Boss OTT,https://www.youtube.com/watch?v=jI4uGCufAPI,1M views,3 months ago,    11:39  
Itna Hate Kyun ? ğŸ™ğŸ»,https://www.youtube.com/watch?v=NuB3ZAFku1o,1.2M views,3 months ago,    10:47  
Mom Dad React On Public Comments | Bigg Boss,https://www.youtube.com/watch?v=V7UX5igLTNE,1.6M views,3 months ago,    12:45  
Finally Papa Ji Milne Aagae Mumbai Bigg Boss Ke Set Pe,https://www.youtube.com/watch?v=OJIMzP1o6WI,1.7M views,3 months ago,    11:33  
Mummy Emotional Hoke Rone Lagi ğŸ’”ğŸ¥º,https://www.youtube.com/watch?v=kZ4zulgS_QA,2.8M views,3 months ago,    14:05  
Bigg Boss To Theek Hai Par Ye Nahi Hona Tha ğŸ’”,https://www.youtube.com/watch?v=SfyuHl2APYA,3.7M views,3 months ago,    12:02  
We All Cried ğŸ’” | Weekend Ka Vaar,https://www.youtube.com/watch?v=47LUqCaSMes,1.8M views,3 months ago,    16:57  
Bigg Boss Ke Liye Car Modify Krva Li ğŸ”¥,https://www.youtube.com/watch?v=yMi7jrVsdZI,918K views,3 months ago,    9:00  
Bigg Boss Special Q/A with Mumma | Elvish Yadav,https://www.youtube.com/watch?v=LbynegYvBco,1M views,3 months ago,    10:52  
Papa Ki New Car ğŸ¥µ | Bigg Boss Ticket To Finale,https://www.youtube.com/watch?v=oO5QDfLcchY,1.5M views,3 months ago,    16:15  
Thank You Sabko ğŸ™ğŸ» | Finale Bigg Boss Task Winner,https://www.youtube.com/watch?v=umH00he-bnU,872K views,3 months ago,    17:36  
Its Our Request ğŸ™ğŸ» | Elvish Yadav | Big Boss,https://www.youtube.com/watch?v=-PoDgB3kFBU,1.6M views,3 months ago,    15:25  
Papa Mummy Reacting To Salman Khan ğŸ˜,https://www.youtube.com/watch?v=sYWsv3vJYaY,934K views,3 months ago,    13:47  
Salman Khan X Elvish Yadav ğŸ”¥,https://www.youtube.com/watch?v=mgsJ4mgzLkQ,1.3M views,3 months ago,    10:37  
Elvishâ€™s Last Message For You All â¤ï¸,https://www.youtube.com/watch?v=bBSse4yTcPY,1.3M views,3 months ago,    10:15  
FINAL - Bigg Boss Elvish Army Tour Announcement ğŸ”¥ | Full Meetup Details,https://www.youtube.com/watch?v=ukWvB2aFbAo,1.1M views,3 months ago,    11:39  
Mummy Ka Message to Bigg Boss ğŸ”¥,https://www.youtube.com/watch?v=_uz47M7bl7M,1.1M views,3 months ago,    10:45  
Mummy ka Reaction To Jiya Ki Gandi Harkat ğŸ’”| Bigg Boss,https://www.youtube.com/watch?v=m0w8ZtOhmdo,2.2M views,3 months ago,    11:00  
Bigg Boss Nominations Ke Baad Bhj Die Naye Kapde Elvish K Liye | Vote & Support ğŸ™ğŸ»,https://www.youtube.com/watch?v=V65Uu_3VC1k,1.3M views,3 months ago,    11:56  
Abhi To Gussa Dekha Hi Kahan Hai ğŸ”¥,https://www.youtube.com/watch?v=uKlrxyH4gig,1.3M views,4 months ago,    10:39  
Bhaichara Sabse Pyaara | Weekend Ka Vaar With Mom ğŸ˜,https://www.youtube.com/watch?v=PUfX5ROkOxs,950K views,4 months ago,    9:48  
Mom Reacting To Fight With Avinash ğŸ˜¡,https://www.youtube.com/watch?v=8I2CQmZEhO0,2.1M views,4 months ago,    11:35  
First Interview After Big Boss Entry | Jalne Vale Jalte Rho ğŸ”¥,https://www.youtube.com/watch?v=GWDuHvs_3i8,1.8M views,4 months ago,    17:08  
Bhaichara Hmesha On Top RhegağŸ”¥ | Big Boss OTT,https://www.youtube.com/watch?v=4LfP-ltekrY,2.2M views,4 months ago,    13:54  
Finally Ghar Ke Ander Jane Ka Time Aagya ğŸ”¥,https://www.youtube.com/watch?v=S8kfgTkQAcA,1.6M views,4 months ago,    9:10  
Ek Nayi Shurwat â¤ï¸,https://www.youtube.com/watch?v=8WRdtUR_hbY,2M views,4 months ago,    14:54  
Goodnews ! Mujhe 2 Bollywood Movies Mil GayiğŸ˜,https://www.youtube.com/watch?v=D6O3hSjH42E,966K views,4 months ago,    20:46  
Finally Tesla 1 Hafte Me Aa JaygiğŸ˜,https://www.youtube.com/watch?v=h8epkU8U28k,842K views,4 months ago,    13:59  
Tesla Ya S Class 350D ? Confuse Ho Gaya Me TohğŸ¥µ,https://www.youtube.com/watch?v=WHIRWz_8pIQ,1.2M views,4 months ago,    13:47  
India To Greece In Fortuner With @Puravjha_,https://www.youtube.com/watch?v=XNgR8Mg4Exo,1.1M views,4 months ago,    14:50  
@jattprabhjot Bhai ko Apne Naye Ghar ka Tour De Diya ğŸ˜,https://www.youtube.com/watch?v=UV-LY_8XTRQ,2.3M views,4 months ago,    16:05  
Kya Fukra Insaan Bigboss Jeetega?,https://www.youtube.com/watch?v=0APZoF0lWe4,976K views,4 months ago,    13:10  
Finally Mumbai Poch Gaye Movie Ke LiyeğŸ˜,https://www.youtube.com/watch?v=EIW_j5zduTI,903K views,4 months ago,    11:57  
Ek Ladki Ne Mujhe Love Letter BhejağŸ˜ Mene Uska Address Dhund Liya,https://www.youtube.com/watch?v=d9wZKVtWihI,982K views,4 months ago,    19:14  
Finally Usne I Love You Bol Hi DiyağŸ˜,https://www.youtube.com/watch?v=k8DR0yK17CI,1M views,4 months ago,    16:02  
Chandigarh Ke Club Me Ladki Ke Peeche Archit Ki Ladai Ho GayiğŸ¥µ,https://www.youtube.com/watch?v=w48-dkfE-R0,1.5M views,4 months ago,    17:54  
Khushi Or Kataria Ko Surprise De Diya Shoot PeğŸ˜,https://www.youtube.com/watch?v=ObeM-BOxl4c,1.8M views,4 months ago,    19:30  
Fukra Insaan Ke Sath Galat Ho Raha Hai BigBoss MeğŸ˜¡,https://www.youtube.com/watch?v=hlMZzR-z4p4,1.5M views,4 months ago,    12:30  
London Se Aaya â‚¹5 Lakh Ka Gift Mere LiyeğŸ˜,https://www.youtube.com/watch?v=zMfoHf6k7Hg,893K views,4 months ago,    18:49  
Fans Ke Chakkar Me Fortuner Ka Accident Ho GayağŸ¥µ,https://www.youtube.com/watch?v=ki1iYPaHYDI,998K views,4 months ago,    15:41  
Fortuner Pe Attack Karne Wala Pakda GayağŸ˜¡,https://www.youtube.com/watch?v=rCI1WnkpIkw,1.5M views,4 months ago,    15:08  
Meri Fortuner Pe Attack Ho GayağŸ˜¡,https://www.youtube.com/watch?v=npoDj91E53A,1.1M views,4 months ago,    13:54  
Harsh Beniwal Bhai Le Gaya Porsche MeriğŸ¥µ,https://www.youtube.com/watch?v=0356WoZVnEI,1.6M views,4 months ago,    10:30  
Porsche Ke Chakkar Me Police Complaint Karra huğŸ˜¡,https://www.youtube.com/watch?v=TQsk6K7ND-E,1.1M views,4 months ago,    18:36  
Lamborghini Urus  Wala Challenge Accept Kar Liya ğŸ˜¡,https://www.youtube.com/watch?v=5ybySVrdBHk,1.4M views,4 months ago,    15:44  
Raat Me à¤²à¤¡à¤¼à¤•à¥€ Ne Porsche Thok Di à¤²à¤¡à¤¼à¤¾à¤ˆ à¤¹à¥‹ Gayi ğŸ˜¡,https://www.youtube.com/watch?v=RE0vrG7acw0,1.3M views,4 months ago,    15:15  
Puneet Superstar Ko Big Boss Se Kyu NikalağŸ¥µ,https://www.youtube.com/watch?v=9Sjt0MHOk_Y,1.6M views,4 months ago,    18:38  
Porsche Boxter Vs Porsche Cayman Jo Jeeta 50 Hazar UskeğŸ˜,https://www.youtube.com/watch?v=qjL8tyuTIWQ,2.4M views,4 months ago,    21:51  
My Opinion On Adipurush *Worst Ya Best*,https://www.youtube.com/watch?v=j0z1t66lf2Q,1.1M views,4 months ago,    12:21  
Papa Ne Mujhe Ghar Se Bhar Nikal DiyağŸ¥µ,https://www.youtube.com/watch?v=fTTLwLZA9hc,998K views,5 months ago,    16:19  
@jattprabhjot Bhai Ki Defender Dekh Ke Mera Bhi Mann Kar GyağŸ˜,https://www.youtube.com/watch?v=CVKhODuKJR8,1.5M views,5 months ago,    13:58  
Bande Bula Liye Maarne KoğŸ˜¡,https://www.youtube.com/watch?v=N4Asmh170bw,1.8M views,5 months ago,    16:25  
Serious Wali à¤²à¤¡à¤¼à¤¾à¤ˆ (à¤®à¤¾à¤°à¤ªà¥€à¤Ÿ )Ho GayiğŸ˜¡,https://www.youtube.com/watch?v=7Q-JYn4Nl9o,1.7M views,5 months ago,    15:33  
Mahindra Ke Showroom Me Ladai Ho GayiğŸ˜¡,https://www.youtube.com/watch?v=3DvI3F_UyyM,1.3M views,5 months ago,    17:30  
Open Challenge To Mortal à¤†à¤®à¤¨à¥‡ à¤¸à¤¾à¤®à¤¨à¥‡ à¤†à¤œà¤¾ ğŸ¥µ,https://www.youtube.com/watch?v=MSAxR0ERB-o,784K views,5 months ago,    12:10  
Tumhari Bhabi Ka Face Reveal KardiağŸ˜,https://www.youtube.com/watch?v=i-P6xsytPXA,1.8M views,5 months ago,    15:36  
Finally New Gwagon G400d Launch Ho GayiğŸ˜,https://www.youtube.com/watch?v=aJX7EchEhq8,940K views,5 months ago,    12:47  
Finally Jeep Rubicon Le Aaya ğŸ˜,https://www.youtube.com/watch?v=I-8HLcxof08,1.2M views,5 months ago,    17:09  
2 Boht Badi GoodNewsğŸ˜,https://www.youtube.com/watch?v=wAENuRPSpng,806K views,5 months ago,    16:01  
Finally Gwagon Ka Colour ChangeğŸ˜,https://www.youtube.com/watch?v=Mdm3EM_XLCc,1.2M views,5 months ago,    13:23  
Finally Fortuner Ka Color Change ğŸ˜,https://www.youtube.com/watch?v=98uDNBBBwqw,1.9M views,6 months ago,    20:24  
Finally Porsche Vs Ninja Zx10R Drag Race Kar Hi LiğŸ˜,https://www.youtube.com/watch?v=rgSCoe4c04w,2M views,6 months ago,    16:00  
Finally Mercedes Ya Volvo Confuse HogyeğŸ¥µ Tum Hi Btao,https://www.youtube.com/watch?v=bqJHO17xHo8,1.8M views,6 months ago,    26:46  
Lakshay Archit à¤•à¥€ Humare à¤—à¤¾à¤à¤µ à¤®à¥‡à¤‚ à¤²à¤¡à¤¼à¤¾à¤ˆ Ho GayiğŸ˜¡,https://www.youtube.com/watch?v=bfnrxHgrIhY,1.4M views,6 months ago,    19:08  
Finally Mercedes 300d Lene Chale Hi GayeğŸ˜,https://www.youtube.com/watch?v=w4PkUpnmVvY,1.9M views,6 months ago,    21:12  
Fortuner Ke Insurance Me â‚¹500000 Ka Kharcha Bata DiyağŸ¥µ,https://www.youtube.com/watch?v=9WQ2DPcnFdE,1.1M views,6 months ago,    20:44  
Lakshay Archit Ke Chakkar Me Police Se Ladai Ho GayiğŸ˜¡,https://www.youtube.com/watch?v=CiVx4zSuyyw,4.3M views,6 months ago,    15:59  
Finally Fortuner Ka Color Change ğŸ˜Major Modifications,https://www.youtube.com/watch?v=FfMlVBViq1w,1.5M views,6 months ago,    13:32  
Ek Bar Phir Fortuner Ke Alloys Change Karwa Diye Aur Accident Ho GayağŸ¥µ,https://www.youtube.com/watch?v=2caFE_soiUE,1.7M views,6 months ago,    24:20  
Mehandergarh Meetup Me Fortuner Tod DiğŸ˜¡,https://www.youtube.com/watch?v=UE1Upje5sT8,1.7M views,6 months ago,    31:20  
@souravjoshivlogs7028 Bhai Meri Porsche Le  Gaya ğŸ˜,https://www.youtube.com/watch?v=Pz3SY6lP680,1.7M views,6 months ago,    12:10  
Finally Fortuner Ke Alloys Change Karwa Liye *BIG MODIFICATION*ğŸ˜,https://www.youtube.com/watch?v=LBOj3bkxNzo,2.6M views,6 months ago,    25:54  
Finally Porsche Ka â‚¹5Lakh Ka Spoiler Aa Hi GayağŸ˜,https://www.youtube.com/watch?v=k-_VXMJKD_g,1.5M views,6 months ago,    21:24  
Jaipur Se Vapas Aate Hui Toll Pe LadaiğŸ˜¡,https://www.youtube.com/watch?v=XUuE_OT05ls,2.6M views,6 months ago,    13:41  
Biggest Meetup In Jaipur With Babu BhaiyağŸ˜,https://www.youtube.com/watch?v=NJ5v_MrHDO8,4.5M views,6 months ago,    20:25  
My First Roadtrip In Porsche- Gurgaon To Rajasthan ğŸ˜240kmph,https://www.youtube.com/watch?v=B2e76tipvqc,2.4M views,6 months ago,    14:31  
Finally Mustang Gt Vs Porsche Ho Hi GayiğŸ˜,https://www.youtube.com/watch?v=ljBpBD2Oyjo,5.6M views,6 months ago,    25:09  
Babu Bhaiya Ki Mustang Gt Porsche Ke Samne Aa Hi GayiğŸ˜,https://www.youtube.com/watch?v=FZst0D2IQHw,1.5M views,6 months ago,    14:17  
â‚¹5 Lakh Ka Nuksan Ho Gaya Porsche KağŸ˜° *No Clickbait*,https://www.youtube.com/watch?v=tuBUplkc87Y,1.2M views,6 months ago,    15:46  
Porsche Ka VIP Number Reveal ğŸ˜,https://www.youtube.com/watch?v=NdlKmUhsOfs,1.1M views,6 months ago,    14:13  
Shooting Our New Song ft Pranjal DahiyağŸ˜,https://www.youtube.com/watch?v=8sKpYh29O8Q,1.9M views,7 months ago,    19:19  
Finally Mene Baal Curly Karwa Liye - Sab Shock Ho GayeğŸ˜±,https://www.youtube.com/watch?v=v-d7IhHmIwM,1.1M views,7 months ago,    12:00  
Porsche Ko Vapas De AayeğŸ˜­,https://www.youtube.com/watch?v=iUe3HRpsPN0,1.1M views,7 months ago,    17:55  
Aaj Toh Marte Marte Bach Gaya - Worst Day Of My LifeğŸ™ğŸ»,https://www.youtube.com/watch?v=Fzv49sVzF8I,1M views,7 months ago,    14:17  
Open Challenge To @TheUK07Rider ğŸ¥µ,https://www.youtube.com/watch?v=rJh47geGop4,1.6M views,7 months ago,    16:24  
Porsche Ki Top Speed Beats Bmw 340iğŸ˜,https://www.youtube.com/watch?v=QL40eWYf9X0,1.1M views,7 months ago,    16:32  
Porsche Ko Takkar à¤¦à¥‡à¤¦à¥€ à¤‡à¤¸ BMW à¤¨à¥‡ ğŸ˜°0-100 in 3 seconds,https://www.youtube.com/watch?v=QyYk3PagBXs,1.4M views,7 months ago,    20:40  
Finally New Car Ghar Aa GayiğŸ˜,https://www.youtube.com/watch?v=eIIhuorIjYk,2.1M views,7 months ago,    12:40  
Highway Pe Fortuner Palat JatiğŸ¥µ,https://www.youtube.com/watch?v=IsIFVxeMZpQ,1.3M views,7 months ago,    15:55  
Song Shoot Pe Serious Wali Ladai Ho GayiğŸ˜¡,https://www.youtube.com/watch?v=VjjPmHmgfo8,3.9M views,7 months ago,    24:49  
Humare Hotel Room Me Paranormal Activity Ho GayiğŸ˜° *No ClickBait* à¤…à¤¸à¤²à¥€ à¤­à¥‚à¤¤,https://www.youtube.com/watch?v=K7EYeWu5DE0,1.4M views,7 months ago,    24:18  
Mujhe Bollywood Movie Mil GayiğŸ˜| My Biggest News |,https://www.youtube.com/watch?v=3LeXTUmL45Y,1.1M views,7 months ago,    17:23  
Mussoorie Ki Sabse Bhootiya Jagah Chale Gaye Aadhi Raat KoğŸ¥µ| Lambi Dehar Mines,https://www.youtube.com/watch?v=aPVvvVKPrHI,3.2M views,7 months ago,    31:21  
My Biggest Investment Worth â‚¹7CroreğŸ’°,https://www.youtube.com/watch?v=1YgUK-A2Bnc,1.1M views,7 months ago,    13:55  
My First Live Performance With Parmish Verma ğŸ˜ Delhi - JLN Stadium,https://www.youtube.com/watch?v=618bxxlnOQM,1.6M views,7 months ago,    18:52  
Parmish Bhai Ne Meri Lamborghini Book KardiğŸ˜,https://www.youtube.com/watch?v=ccnjYke7I1I,1.8M views,7 months ago,    19:58  
Bmw 340i Ya Mercedes 300D ? Confused ğŸ¥²,https://www.youtube.com/watch?v=0fnbFSORRZg,1M views,7 months ago,    18:08  
Mercedes C300D Final Kardi AbğŸ˜,https://www.youtube.com/watch?v=mhoHN8Da550,1.1M views,7 months ago,    15:35  
Porsche Ka VIP Number Aa GayağŸ˜,https://www.youtube.com/watch?v=rgR9xLyyL4E,1.4M views,7 months ago,    21:48  
1937 Ki Vintage Cars Ko Restore Karenge AbğŸ˜ *First Time On My Channel*,https://www.youtube.com/watch?v=aYiMImS2T9E,1.2M views,7 months ago,    22:01  
Porsche Ke Chakkar Me Gangster Se Dhamki Mil GayiğŸ¥µ,https://www.youtube.com/watch?v=eprTtwk_S_s,1.5M views,7 months ago,    14:20  
Finally Parmish Bhai Ki Gwagon Chala Hi DiğŸ˜,https://www.youtube.com/watch?v=Pp6kY0BleMc,1.6M views,7 months ago,    17:43  
Porsche Dikha Ke Ladki Set KarliğŸ˜,https://www.youtube.com/watch?v=XF49o4tkQiQ,1.7M views,7 months ago,    18:32  
Parmish Bhai Ka Challenge 1 Million Comments KağŸ˜ Poora Kardo ğŸ™ğŸ»,https://www.youtube.com/watch?v=nWlZmKLnUPs,1.8M views,7 months ago,    15:05  
Joginder Ka Systumm Hang Kar DengeğŸ˜¡,https://www.youtube.com/watch?v=qajv0lqeGEs,3.3M views,7 months ago,    26:54  
Fazilpuria Bhai Ke Shoot Pe Russian Se Mulakat Ho Hi GayiğŸ˜ @fazilpuria,https://www.youtube.com/watch?v=gyXbga9ZumU,2.8M views,7 months ago,    21:33  
Thara Bhai Joginder Dobara Aa GayağŸ˜¡,https://www.youtube.com/watch?v=tnHwti9fvzU,2.2M views,7 months ago,    17:44  
I Am Joining Politics ğŸ˜,https://www.youtube.com/watch?v=4teEBojCiy8,1.7M views,7 months ago,    30:58  
Gwagon Aur Hummer Dono Bula Li Fazilpuria Bhai NeğŸ˜,https://www.youtube.com/watch?v=7MxtblYvn0Q,1.9M views,7 months ago,    17:48  
Porsche Aaj Gurgaon Ki Barish Me Doob JatiğŸ¥µ Reality Of SupercarsğŸ‘ğŸ»,https://www.youtube.com/watch?v=Az6ZPRQ_yRo,1.4M views,7 months ago,    12:11  
Finally Me à¤®à¤¾à¤®à¤¾ Ban GayağŸ˜,https://www.youtube.com/watch?v=3y0ivJYy2ao,2.2M views,7 months ago,    12:46  
Parmish Bhai Apni Gwagon Deke Porsche Le GayeğŸ˜,https://www.youtube.com/watch?v=xAMDYE8PhZw,3.3M views,8 months ago,    20:24  
Rewari Meetup Me Jai Shree Ram Ke Naare Lagwa DiyeğŸ˜,https://www.youtube.com/watch?v=iL_GhrBt3KU,1.7M views,8 months ago,    19:19  
Open Challenge To Paras Thakral | Porsche vs Audi TT ğŸ˜,https://www.youtube.com/watch?v=aw7UwDy4Ef4,1.7M views,8 months ago,    19:01  
Porsche Ke Bad Ab Ayegi RubiconğŸ˜,https://www.youtube.com/watch?v=ZcH9Xeal9z4,1.2M views,8 months ago,    12:06  
Porsche Ka Real Speed TestğŸ˜ *Unbelievable*,https://www.youtube.com/watch?v=VoYF7_TQ89c,1.5M views,8 months ago,    16:22  
This is Serious ğŸ™ğŸ»,https://www.youtube.com/watch?v=Nkkkp5-NDsM,1.8M views,8 months ago,    12:26  
Finally Porsche Ready Hoke Aa Hi GayiğŸ˜,https://www.youtube.com/watch?v=GCea8IsoRks,1.7M views,8 months ago,    21:58  
Parmish Bhai Ki Gwagon Ke Sath Porsche Ki Drag RaceğŸ˜,https://www.youtube.com/watch?v=TGAsUGv9q6U,1.5M views,8 months ago,    16:59  
Parmish Verma Bhai Gifted Me His G-WagonğŸ˜,https://www.youtube.com/watch?v=1dpBuKi08B8,4M views,8 months ago,    18:50  
Chandigarh Me Black Fortuner Ke Peeche Haters Ki Gaadiya Lag Gayi ğŸ¥µ,https://www.youtube.com/watch?v=jPgqIzbmVCQ,1.4M views,8 months ago,    14:20  
Thar à¤•à¥‡ Bad à¤…à¤¬ Porsche Hogi à¤­à¤—à¤µà¤¾ à¤°à¤‚à¤— à¤•à¥€ ğŸ˜,https://www.youtube.com/watch?v=36MZpfV88tg,1.4M views,8 months ago,    21:42  
Porsche Vs Defender Ki Drag Race ReadyğŸ˜,https://www.youtube.com/watch?v=eq-xUI15oxc,1.2M views,8 months ago,    14:38  
Finally Apni Porsche Ready Ho GayiğŸ˜,https://www.youtube.com/watch?v=9iAp8PrbnLM,1M views,8 months ago,    16:08  
Finally Porsche Pe PPF Ka Kam ShuruğŸ˜,https://www.youtube.com/watch?v=oxAUJx7x-jw,1.1M views,8 months ago,    16:42  
Police Complaint On MeğŸ™ğŸ»,https://www.youtube.com/watch?v=-wkcP_i8Oe0,1.7M views,8 months ago,    21:28  
Faridabad Meetup Went CrazyğŸ˜,https://www.youtube.com/watch?v=F_a3m53-l1s,2.7M views,8 months ago,    15:11  
Porsche Aur @TheUK07Rider Ki Mustang Ki Race Hogi AbğŸ˜,https://www.youtube.com/watch?v=F213HCJBI-o,1.7M views,8 months ago,    19:26  
Finally Papa Ko Porsche Me Betha DiyağŸ˜,https://www.youtube.com/watch?v=6AvXxWjiEqU,2M views,8 months ago,    19:03  
Porsche Le Aaya Haters Ke Muh Band KardiyeğŸ˜ | Elvish Yadav X @FusionCarsIndia,https://www.youtube.com/watch?v=OOa-TqBPung,4.7M views,8 months ago,    22:18  
A Big Surprise For You AllğŸ˜,https://www.youtube.com/watch?v=Ebshf9ZJIiU,895K views,8 months ago,    13:05  
Black Fortuner Ki Modification ShuruğŸ˜,https://www.youtube.com/watch?v=7BLp5S1qVag,1M views,8 months ago,    17:05  
Mc Stan Vs Sidhu Moosewala Debate Ho GayiğŸ¥µ,https://www.youtube.com/watch?v=cAcBaXxrzp0,1.1M views,8 months ago,    18:16  
Haters Ne Verna Ka Sheesha Tod DiyağŸ˜¡,https://www.youtube.com/watch?v=RIEeqTTqWpI,1.9M views,8 months ago,    18:37  
Black Fortuner Dekh Ke Sabke Hosh Ud GayeğŸ˜,https://www.youtube.com/watch?v=S-tDB4eT5oI,1.1M views,8 months ago,    12:35  
Taking Delivery Of My Black Fortuner Legender ğŸ˜,https://www.youtube.com/watch?v=WyhgqNIGXSw,1.8M views,8 months ago,    21:38  
Finally Apni Black Fortuner Ready Ho GayiğŸ˜,https://www.youtube.com/watch?v=CwnbgikVJDE,1.1M views,8 months ago,    13:18  
Aaj Mil Hi Gaya Joginder Aamne SaamneğŸ˜‚,https://www.youtube.com/watch?v=3HOBzRJc-kQ,5.1M views,8 months ago,    24:15  
Aaj Joginder Se Aamna Saamna HogağŸ˜‚,https://www.youtube.com/watch?v=pXhSY4eu6TM,2.7M views,8 months ago,    25:43  
Ab Compromise Nahi HogağŸ˜‚,https://www.youtube.com/watch?v=2KXRjkPmKN4,1M views,9 months ago,    15:55  
Joginder Ke Sath Compromise Ho GayağŸ˜‚,https://www.youtube.com/watch?v=qzdiY6NGIU4,1.2M views,9 months ago,    15:00  
Aao Iski Badmashi NikaleğŸ˜‚,https://www.youtube.com/watch?v=4MK6GFKYWpw,2.5M views,9 months ago,    18:08  
Black Wrap On Fortuner StartğŸ˜,https://www.youtube.com/watch?v=u4E0KGmb9tE,942K views,9 months ago,    11:40  
Fortuner Pe Black Wrap Krwa LiyağŸ˜,https://www.youtube.com/watch?v=Q2jjyAC9jr4,1.1M views,9 months ago,    14:35  
Mummy Ghar Chord Ke Chali GayiğŸ˜­,https://www.youtube.com/watch?v=Y9s2wm1qzMc,996K views,9 months ago,    17:20  
Finally Anoop Bhai Ki Fortuner Ka VIP Number Aa GayağŸ˜,https://www.youtube.com/watch?v=FelW_GoouAU,699K views,9 months ago,    11:12  
Finally Porsche Ki Delivery Date RevealğŸ˜,https://www.youtube.com/watch?v=aSnAsaN8uRI,753K views,9 months ago,    9:58  
Driving Rolls Royce Ghost Worth â‚¹9 CroreğŸ¤‘,https://www.youtube.com/watch?v=hbXW3kSOSQE,1.8M views,9 months ago,    18:46  
Hater Ne Ghar Me Ghuskar Fortuner Puncture KardiğŸ˜¡,https://www.youtube.com/watch?v=pvmByKEb5Jc,807K views,9 months ago,    15:45  
Nakli Bandook Prank On MummyğŸ˜‚,https://www.youtube.com/watch?v=TgBeou4Kc-0,1.7M views,9 months ago,    13:46  
Nakli Bandook Prank On PapağŸ˜‚,https://www.youtube.com/watch?v=1LMmtfwTJOM,2.1M views,9 months ago,    13:26  
Meri New Cycle ğŸ˜,https://www.youtube.com/watch?v=nqBJG55So6g,1.1M views,9 months ago,    10:03  
Welcome Home New Member ğŸ˜,https://www.youtube.com/watch?v=FyrcrHJ5jfw,984K views,9 months ago,    13:11  
Finally Ek Aur Fortuner Aagyi ğŸ˜ New Car Delivery â¤ï¸ğŸ™ğŸ»,https://www.youtube.com/watch?v=njHMchEiZEE,1.7M views,9 months ago,    17:03  
Shadi Me Bina Invitation Ghus GayeğŸ¤£,https://www.youtube.com/watch?v=BWAKoPoshZQ,1.7M views,9 months ago,    15:42  
â‚¹7 Lakh Ke Shoes Papa Pe Bhi Prank Kar DiyağŸ¤£,https://www.youtube.com/watch?v=Lf267hfenNg,1M views,9 months ago,    18:36  
â‚¹7 Lakh Ke Shoes (Air Dior) Le AayağŸ’° Mummyâ€™s Insane ReactionğŸ¤£,https://www.youtube.com/watch?v=dqnaH_wn0uQ,3.8M views,9 months ago,    24:08  
Gwagon Ka Baap Mil Gaya â‚¹3CroreğŸ˜,https://www.youtube.com/watch?v=PyBnvut1N3U,1.1M views,9 months ago,    18:25  
Finally Welcome Back To My Channelâ¤ï¸ğŸ™ğŸ»,https://www.youtube.com/watch?v=hKY5jlawhOc,770K views,9 months ago,    12:09  
Police Wale Se Ladai Ho GayiğŸ˜¡,https://www.youtube.com/watch?v=RnJF0B2Lvdk,1.1M views,9 months ago,    15:47  
Finally Manish Bhai Ki Shadi Ki Shopping kar Hi LiğŸ˜,https://www.youtube.com/watch?v=YO_lBFVEfIA,878K views,10 months ago,    15:11  
Shoot Pe Ladkio Ne Desi Hukkah Try KarağŸ˜‚,https://www.youtube.com/watch?v=YADkjI1oObw,1.7M views,10 months ago,    20:46  
Finally Shoot Pe Porsche Sabko Pasand AgyiğŸ˜,https://www.youtube.com/watch?v=tucLWrXqJJU,1.2M views,10 months ago,    14:49  
Car Collection Worth 100 CroresğŸ˜Next Car Ferrari,https://www.youtube.com/watch?v=oWBzr-KzgVE,1.3M views,10 months ago,    16:43  
Ab 1 Nahi 2 Porsche Boxter Aari HağŸ˜,https://www.youtube.com/watch?v=HhFRWu57vKY,1M views,10 months ago,    15:30  
Finally Porsche Mummy Papa Ko Bhi Dikha DiğŸ˜,https://www.youtube.com/watch?v=3eWE4YwSd2A,1.8M views,10 months ago,    12:49  
Finally Porsche Ko Ghar Le Hi AayağŸ˜,https://www.youtube.com/watch?v=5xu2T2khOGU,2.5M views,10 months ago,    17:47  
Finally Naye Ghar Ka Interior Aur Porsche Ki Delivery Date Fixâ¤ï¸,https://www.youtube.com/watch?v=LNyt_i5JsIo,787K views,10 months ago,    10:58  
Finally Porsche Boxter Done Kardiâ¤ï¸ğŸ˜Delivery In 1 Week,https://www.youtube.com/watch?v=2LCAjVkexp8,1.1M views,10 months ago,    16:56  
Mustang Gt Ya Porsche ?Kaunsi Lu,https://www.youtube.com/watch?v=lXgCgD60l1o,793K views,10 months ago,    17:24  
Finally Mustang Gt Se Drag Race KarliğŸ˜,https://www.youtube.com/watch?v=obMWsczu3Vo,3.9M views,10 months ago,    16:11  
Finally Mustang Gt Gharwalo Ne Final KardiğŸ˜ğŸ™ğŸ»,https://www.youtube.com/watch?v=UnoQUB0fl40,984K views,10 months ago,    20:02  
Indian Custom Police Caught UsğŸ¥µ(Dubai To India Gold) *No Clickbait*,https://www.youtube.com/watch?v=KUFVyVoIvp8,961K views,10 months ago,    12:36  
Dubai Me Sona Mitti Barabar Rate PeğŸ¥µ*SHOCKED*,https://www.youtube.com/watch?v=ZwO_EEy2ZwQ,878K views,10 months ago,    15:38  
Aisi Mustang Gt Final Kari Hai Yaha Se  â¤ï¸,https://www.youtube.com/watch?v=FMaZp_ILXHg,967K views,10 months ago,    18:53  
Dubai Ka Naya Sal With Mc Square Bhai  And Guru RandhawağŸ‡®ğŸ‡³ğŸ‡¦ğŸ‡ª,https://www.youtube.com/watch?v=RDLdZOBNXsg,1.2M views,10 months ago,    13:34  
Finally Land Cruiser V8 Me Desert Safari Kar Hi LiğŸ˜­,https://www.youtube.com/watch?v=98BkaeWx2Es,1.2M views,10 months ago,    13:35  
Mustang Gt Ya Dodge ChallengerğŸ˜Kaunsi Import Karu?ğŸ˜­,https://www.youtube.com/watch?v=gH7E9iukKtg,1.1M views,10 months ago,    17:44  
Finally Pehle Mustang Gt Fir G-Wagonâ¤ï¸,https://www.youtube.com/watch?v=7fa3Ze50Nk0,1.2M views,10 months ago,    17:43  
Finally Dubai Se Gwagon Import @TheUK07Rider Bhai Krwa Ke Dengeâ¤ï¸,https://www.youtube.com/watch?v=yN4Ry88RRig,3.3M views,10 months ago,    17:51  
Dubai à¤œà¤¾à¤¤à¥‡ Hue Airport à¤ªà¥‡ Customs Walo à¤¸à¥‡ Hui BehasğŸ˜¡,https://www.youtube.com/watch?v=-Qge-pAZpY4,761K views,10 months ago,    16:20  
Gwagon Ki Updateâ¤ï¸Kitne Din Aur?,https://www.youtube.com/watch?v=HK3lydgclMA,737K views,10 months ago,    19:29  
My First Live Concert With Mc Square And Paradoxâ¤ï¸ğŸ™ğŸ»,https://www.youtube.com/watch?v=0xT_V-Q-mHU,3M views,10 months ago,    20:45  
My Gurgaon- Delhi Me Meetupâ¤ï¸ And Show,https://www.youtube.com/watch?v=_G-JXeEa_ZY,644K views,10 months ago,    18:40  
Systumm Clothing Launchedâ¤ï¸ Ek Bhai Ko Bhi Dedi @souravjoshivlogs7028,https://www.youtube.com/watch?v=7MmP8nIGA7Y,827K views,10 months ago,    9:05  
Archit à¤•à¥€ à¤²à¤¡à¤¼à¤¾à¤ˆ Ho GayiğŸ˜¡ Bhaichara On TopğŸ˜,https://www.youtube.com/watch?v=OvrJaTrWda8,696K views,10 months ago,    14:00  
Finally Naye Ghar Ka Interior Decide Hogya â¤ï¸ğŸ’°,https://www.youtube.com/watch?v=XJDDK-7pcMs,1M views,10 months ago,    13:24  
Iâ€™m With You Rowhi RaiğŸ˜ | My Reply |,https://www.youtube.com/watch?v=1j4bbVNWnmQ,1.4M views,10 months ago,    18:38  
Fifa Final Me Messi Ne Nuksan Karwa DiyağŸ˜«,https://www.youtube.com/watch?v=ey-FGT4FGdg,574K views,10 months ago,    14:21  
Mc Square Or Paradox Bhai Ke Show Me Humara Meetup HogyağŸ˜,https://www.youtube.com/watch?v=bYC-BFKitW0,1M views,10 months ago,    13:17  
Open Challenge To @TheUK07Rider ğŸ˜¡,https://www.youtube.com/watch?v=gMR6vIICXn4,897K views,11 months ago,    10:13  
My Biggest Announcement On This Channelâ¤ï¸ğŸ™ğŸ»,https://www.youtube.com/watch?v=A8sioYJkWQA,855K views,11 months ago,    22:14  
Papa Ne Cigarette Peete DekhliyağŸ¥µ,https://www.youtube.com/watch?v=bq6Iy3lWYAg,1.8M views,11 months ago,    14:02  
Buying Horse Farm Worth â‚¹20CroreğŸ’°ğŸ˜,https://www.youtube.com/watch?v=2UmibMyUhFg,918K views,11 months ago,    21:41  
Finally Isne I Love You Bol Hi DiyağŸ˜,https://www.youtube.com/watch?v=ZcIt1C3T1Ic,1.4M views,11 months ago,    19:07  
Selling My HouseğŸ’°ğŸ’°*Emotional MomentğŸ¥¹*,https://www.youtube.com/watch?v=muURg8zRwpA,816K views,11 months ago,    13:00  
Ram Mandir à¤•à¥‡ Chakkar à¤®à¥‡à¤‚ Aisi Taisi à¤¹à¥‹ à¤—à¤ˆ ğŸ˜°,https://www.youtube.com/watch?v=sgUCxuyTeSs,946K views,11 months ago,    12:07  
â‚¹125000ğŸ’°Ka Nuksan Kardiya Roadtrip Se PehleğŸ¥µ *No ClickBait*,https://www.youtube.com/watch?v=IurDpfWnWiI,760K views,11 months ago,    17:58  
Went Inside The Most Haunted Place Of GurgoanğŸ¥µ( Ashiana Sector 50)No Clickbait,https://www.youtube.com/watch?v=YhzEyfhGy70,2.2M views,11 months ago,    34:10  
Chandni Chowk à¤®à¥‡à¤‚ Hui Serious Wali  à¤²à¤¡à¤¼à¤¾à¤ˆğŸ¥µ,https://www.youtube.com/watch?v=bJ6SLNyl_fE,672K views,11 months ago,    11:38  
Mere School Friend Ki Shadiâ¤ï¸ğŸ¤£,https://www.youtube.com/watch?v=J_VD1UObxq4,658K views,11 months ago,    10:04  
Ready For Mustang GTâ¤ï¸,https://www.youtube.com/watch?v=T9ZG1gLzTNw,764K views,11 months ago,    11:33  
Meeting My College Best Friend After 6 YearsğŸ˜â¤ï¸,https://www.youtube.com/watch?v=G48mdNUgGDU,1.4M views,11 months ago,    13:33  
Surprise For You Allâ¤ï¸â¤ï¸ Recorded Our New SongğŸ™ğŸ»ğŸ™ğŸ»,https://www.youtube.com/watch?v=iKzdQmYYBdc,622K views,11 months ago,    11:59  
G Wagon Ka Naya Model Miss HogyağŸ¥µ *Big Mistake*,https://www.youtube.com/watch?v=kfkEZH8o9B8,1M views,11 months ago,    18:16  
Anoop Master Ji  Ke Ghar Me Bhoot Hai ğŸ¥µ*No Clickbait * @FaridabadRockers,https://www.youtube.com/watch?v=eJeDiGyx9Gk,1M views,11 months ago,    15:58  
â‚¹30 Lakh ğŸ’°Ka Nuksan Share Market MeğŸ¥µ Prank On Mummy,https://www.youtube.com/watch?v=znQ3rxgkHVQ,1.3M views,11 months ago,    20:06  
â‚¹17 Lakh Ka VIP NumberğŸ’° Bidding For GwagonğŸš¨,https://www.youtube.com/watch?v=vsxN-pT5Wug,1.2M views,11 months ago,    10:14  
Papa Ne Daant Diya Shadi Me Jaate HueğŸ¥µ,https://www.youtube.com/watch?v=Ax0uRiVKXc0,1.3M views,11 months ago,    12:34  
Gwagon Ka VIP NumberğŸ’°ğŸš¨,https://www.youtube.com/watch?v=cbUVQ00PXtU,822K views,11 months ago,    11:58  
Breakup Ke Bad ShadiğŸ¥µ,https://www.youtube.com/watch?v=wsz2sKgEIMo,743K views,11 months ago,    14:38  
Gwagon Ki Important Updateâ¤ï¸ğŸ˜,https://www.youtube.com/watch?v=02GsCdEbLXk,910K views,11 months ago,    23:18  
One More Car Added To The GroupğŸ™ğŸ»â¤ï¸,https://www.youtube.com/watch?v=BIX2Fo0RYJQ,933K views,11 months ago,    10:49  
Mere Liye Ladki Dekhni ShuruğŸ˜ *No Clickbait*,https://www.youtube.com/watch?v=iLk8QBmWYSM,1.1M views,11 months ago,    12:50  
Uncle Se Ladayi Hogyi Aamne Saamne ğŸ˜¡,https://www.youtube.com/watch?v=MsWPuOQFFNM,5.6M views,11 months ago,    16:31  
Humari Society Me Uncle Se Ladayi HogyiğŸ˜¡,https://www.youtube.com/watch?v=lELQ2b0bhkg,1.4M views,11 months ago,    13:41  
Shoot à¤ªà¥‡ Anoop bhai à¤•à¤¾ à¤ªà¥ˆà¤° à¤Ÿà¥‚à¤Ÿ à¤—à¤¯à¤¾ ğŸ¥µ *No Clickbait*,https://www.youtube.com/watch?v=8IFPTs-Ld_g,764K views,11 months ago,    15:19  
Verna Modify Hoke Vapas Aagyiâ¤ï¸ğŸ§¿,https://www.youtube.com/watch?v=pd82B_ebzPQ,870K views,11 months ago,    13:41  
1 Nahi Ab 2 Gwagon Aari Haiâ¤ï¸ğŸ™ğŸ»,https://www.youtube.com/watch?v=KqlO2cI0GYY,813K views,11 months ago,    11:24  
Gwagon Delivery Date RevealğŸ˜â¤ï¸,https://www.youtube.com/watch?v=P1g0fBuPkpI,903K views,11 months ago,    13:31  
Itne Salo Baad Naya Ghar Dekha IsneğŸ¥µ @KomalYadavs,https://www.youtube.com/watch?v=ISmesRVXYIc,3.4M views,1 year ago,    15:37  
Rishte Walo Ke Liye Chai Banayi Zindagi Me First TimeğŸ¥µ,https://www.youtube.com/watch?v=aYXYr8bfkoI,758K views,1 year ago,    15:37  
Faridabad Ki Nakli Police ğŸš¨*Scam*,https://www.youtube.com/watch?v=zZMppRTu6lo,816K views,1 year ago,    15:18  
Gwagon Booking DoneğŸ™ğŸ»â¤ï¸ TodayğŸ§¿,https://www.youtube.com/watch?v=xvAXTzhKi9E,1M views,1 year ago,    13:44  
Celebrating With Paradox And Mc Square Bhaiâ¤ï¸â¤ï¸,https://www.youtube.com/watch?v=cDhVb07TYFk,1.6M views,1 year ago,    15:39  
Revealing My New CarğŸ™ğŸ»ğŸ’°â¤ï¸ Gwagon Ya Bmw?,https://www.youtube.com/watch?v=R7ei6D0IIRQ,980K views,1 year ago,    12:46  
Asking 2 CroresğŸ’° For My New Carâ¤ï¸,https://www.youtube.com/watch?v=qrOINUMuZMw,2.2M views,1 year ago,    14:58  
Gaadi Final HogyiğŸ™ğŸ»â¤ï¸,https://www.youtube.com/watch?v=x2ZK74kaYws,1M views,1 year ago,    17:43  
Bmw Lele Fir Gwagon Na Mili Toh?ğŸ¥º,https://www.youtube.com/watch?v=yfKzVWwtXh8,880K views,1 year ago,    14:34  
Gwagon Nahi Mili Toh Dusri Kaunsi?ğŸ¥º,https://www.youtube.com/watch?v=qFZB11xODlQ,914K views,1 year ago,    12:35  
Gwagon Ki Approach Germany Tak Poch GayiğŸ™ğŸ»ğŸ˜,https://www.youtube.com/watch?v=cNRyqjcOk7s,950K views,1 year ago,    13:29  
Gwagon Ki Sabse Badi DikkatğŸ¥µ Only You Can HelpğŸ™ğŸ»,https://www.youtube.com/watch?v=vTKkqIc_BD0,812K views,1 year ago,    13:42  
Gwagon Ko Customize KardiağŸ˜â¤ï¸,https://www.youtube.com/watch?v=pc4ysm5xjgw,1.7M views,1 year ago,    20:00  
Scorpio N Vs Fortuner Legender Drag RaceğŸ˜ *Unbelievable Results* @KARANSEHGALVLOGS,https://www.youtube.com/watch?v=lgM1w7fzbpA,2.3M views,1 year ago,    17:00  
Gwagon Done Hogyi ğŸ™ğŸ»â¤ï¸ *No Clickbait*,https://www.youtube.com/watch?v=vpLpyTOEFjQ,961K views,1 year ago,    13:42  
Got My Verna BackğŸ¥¹à¤‡à¤¤à¤¨à¥‡ Time à¤¬à¤¾à¤¦ â¤ï¸,https://www.youtube.com/watch?v=_AgIbTNo1pA,831K views,1 year ago,    15:37  
Desi Mom Reacting To Instagram ModelsğŸ˜‚,https://www.youtube.com/watch?v=84_MW_JD-0w,3.1M views,1 year ago,    15:23  
Apni à¤†à¤à¤–à¥‹à¤‚ Se Live Accident Dekha  Sirf 2 Second Se à¤¬à¤šà¥‡ ğŸ¥µ,https://www.youtube.com/watch?v=qB-I_4nsEY8,765K views,1 year ago,    12:28  
Easy Tareeke Se Paisa kaise KamayeğŸ’°*No Clickbait *,https://www.youtube.com/watch?v=66VsvQVMSoc,677K views,1 year ago,    15:09  
Ajju Bhai Ke Birthday Pe Galat Scene HogyağŸ¥µ,https://www.youtube.com/watch?v=TswnZfKTdwU,1M views,1 year ago,    17:36  
Boht Badi Good Newsâ¤ï¸â¤ï¸,https://www.youtube.com/watch?v=m-EqJzkJZCE,829K views,1 year ago,    11:03  
Fortuner Me Lag Gaya Mota PaisağŸ¥µ*No Clickbait*,https://www.youtube.com/watch?v=XrbNvK96ulE,794K views,1 year ago,    14:02  
Fortuner Me Aayi Badi DikkatğŸ¥µ*No Clickbait*,https://www.youtube.com/watch?v=mfrBgY-5l5o,678K views,1 year ago,    14:05  
Patako à¤¸à¥‡ à¤˜à¤° à¤®à¥‡à¤‚ à¤†à¤— à¤²à¤— à¤—à¤ˆ ğŸ¥µ*No Clickbait *,https://www.youtube.com/watch?v=pcmqLsDvrok,2.9M views,1 year ago,    15:55  
India Vs Pakistan ke Chakkar Me â‚¹400000ğŸ’°Ka NuksaanğŸ˜…*No Clickbait *,https://www.youtube.com/watch?v=FdoVeLKVmfU,1M views,1 year ago,    11:39  
Driving Ajju Bhai Ki Defender For The First TimeğŸ˜,https://www.youtube.com/watch?v=sO1NZJGal14,1.8M views,1 year ago,    20:04  
Gaadi à¤µà¤¾à¤²à¥‡ à¤šà¥‹à¤° à¤ªà¤•à¤¡à¤¼à¥‡ à¤—à¤¯à¥‡ ğŸ˜ğŸ˜,https://www.youtube.com/watch?v=eLZjtSjcQg0,903K views,1 year ago,    13:56  
My New Car - Toyota Hyryder Or Grand VitarağŸ’°,https://www.youtube.com/watch?v=mwnSyiOdiew,805K views,1 year ago,    16:42  
Verna Bech DiğŸ¥º Final GoodbyeğŸ’”,https://www.youtube.com/watch?v=cmnQtygpeIo,1M views,1 year ago,    18:21  
Fortuner à¤®à¥‡à¤‚ à¤šà¥‹à¤°à¥€ HogyiğŸ˜“ *No Clickbait*,https://www.youtube.com/watch?v=15QGPFif2es,1.1M views,1 year ago,    14:48  
Radio Pe Aagya Tumhara Bhaiâ¤ï¸,https://www.youtube.com/watch?v=eOinisw1dFM,508K views,1 year ago,    10:01  
Diwali Party Pe â‚¹150000ğŸ’° Jeet Gaya *Mota Clickbait*,https://www.youtube.com/watch?v=jERkHfPuDCs,868K views,1 year ago,    18:19  
BMW vs KTM Race Kaun JeetağŸ˜,https://www.youtube.com/watch?v=45hDFMS7myI,828K views,1 year ago,    13:31  
Iphone 14 Pro Max Kharab HogyağŸ˜¤*â‚¹150000ğŸ’° Barbaad*,https://www.youtube.com/watch?v=ZMVPif3tj_M,636K views,1 year ago,    11:01  
Celebrating Karwa Chauth With My Girlfriend â¤ï¸ğŸŒ™ *Clickbait*,https://www.youtube.com/watch?v=oTvu35adjw0,2.6M views,1 year ago,    13:26  
Bought Firecrackers Worth â‚¹2.5 LakhsğŸ’°ğŸ”¥ *No Clickbait *,https://www.youtube.com/watch?v=KHBEjzjPPpE,3.7M views,1 year ago,    15:19  
Buying Audi A6 Worth â‚¹70LakhsğŸ’°,https://www.youtube.com/watch?v=U45fQW8y5hc,770K views,1 year ago,    13:42  
â‚¹150000ğŸ’°Phook Diye Finally Iphone 14 Pro Maxâ¤ï¸,https://www.youtube.com/watch?v=N-sypvUL56Q,1.8M views,1 year ago,    14:06  
Bhaichara Kharab Hogya Kya?ğŸ’”,https://www.youtube.com/watch?v=yOdRIsO8-Ew,1M views,1 year ago,    15:15  
Kataria Ki Thar Asli Me Doob GayiğŸ¥µ *No Clickbait *,https://www.youtube.com/watch?v=NEo1FEcZu9g,2M views,1 year ago,    20:03  
Itna Danger AccidentğŸ¥µ *Himachal To Gurgaon* Trip EndsğŸ’”,https://www.youtube.com/watch?v=xqEvOyoPd5M,887K views,1 year ago,    13:50  
Is Baar Hadd Ho GayiğŸ˜¡à¤—à¤¾à¤¡à¤¼à¥€ à¤ªà¥‡ à¤«à¤¿à¤° à¤¹à¤®à¤²à¤¾à¥¤,https://www.youtube.com/watch?v=BkMl3BQkk_Y,1.3M views,1 year ago,    17:18  
Reacting To Adipurush ğŸ˜¤*Honest Opinion *,https://www.youtube.com/watch?v=HhbE-BrH6jE,777K views,1 year ago,    17:07  
Himachal Ki Sabse Bhootiya JagahğŸ¥µà¤†à¤œ à¤¤à¤• à¤•à¥‹à¤ˆ à¤¨à¤¹à¥€ à¤œà¤¾ à¤ªà¤¾à¤¯à¤¾à¥¤,https://www.youtube.com/watch?v=Cn9PLJTfPyw,684K views,1 year ago,    14:54  
Haters Ne Hindu Wala Sticker Hata DiyağŸ™ğŸ»,https://www.youtube.com/watch?v=Gkpp9dibyZA,2.1M views,1 year ago,    12:36  
Haryana Toll Pe Hui LadaiğŸ˜¤ *No Clickbait* (Gurgaon To Himachal),https://www.youtube.com/watch?v=qeMMpZoaMCY,2M views,1 year ago,    20:51  
Ladki Ki Fake Id Banake Archit Ko FasayağŸ¤£,https://www.youtube.com/watch?v=Fz_D-EOYX78,5M views,1 year ago,    30:58  
Birthday Pe à¤®à¥‡à¤°à¥€ à¤²à¤¡à¤¼à¤•à¥€ à¤¸à¥‡ à¤²à¤¡à¤¼à¤¾à¤ˆ HogayiğŸ˜¡,https://www.youtube.com/watch?v=bkCiJnMFUfE,1M views,1 year ago,    18:20  
We Earned â‚¹1 Crore ğŸ’°ğŸ’° *No Clickbait *,https://www.youtube.com/watch?v=Vyz3iJX_qkc,708K views,1 year ago,    14:14  
Birthday Pe Hogayi Serious LadaiğŸ¥µ,https://www.youtube.com/watch?v=TgbEJ_QDjmw,833K views,1 year ago,    16:30  
Kataria Ka Birthday ğŸ‚ğŸ”¥,https://www.youtube.com/watch?v=LoR5pz-ojgY,1.5M views,1 year ago,    18:08  
Archit Ki Girlfriend Revealed ğŸ˜ğŸ˜‚,https://www.youtube.com/watch?v=NMgrJXfPWlM,729K views,1 year ago,    12:28  
Club Me Ek Ladki Ne Mere Sath Ye KarağŸ¤£,https://www.youtube.com/watch?v=1bMjTPXxmzU,507K views,1 year ago,    14:45  
Chandigarh Ke Club Me Ladai HogyiğŸ˜¡,https://www.youtube.com/watch?v=gzSdqrKKeAI,793K views,1 year ago,    11:45  
Haryanvi Boys Trying Pedicure For The First TimeğŸ˜‚,https://www.youtube.com/watch?v=UUSxgt0BVXU,1.2M views,1 year ago,    22:41  
Ladki à¤•à¥‡ Peeche à¤®à¤¾à¤°à¤ªà¥€à¤Ÿ HogyiğŸ˜¡ğŸ˜¡,https://www.youtube.com/watch?v=bGbhG9ZUqwM,1.6M views,1 year ago,    17:04  
Buying Iphone 14 Pro Max 1TBğŸ’°ğŸš€,https://www.youtube.com/watch?v=EBoRzwAzcUQ,995K views,1 year ago,    15:16  
Naya à¤˜à¤° à¤•à¤¿à¤¤à¤¨à¤¾ Complete HogyağŸ’°â¤ï¸,https://www.youtube.com/watch?v=HI5jWIDsRRI,967K views,1 year ago,    17:17  
Headphones ChallengeğŸ˜‚ğŸ˜‚,https://www.youtube.com/watch?v=o8Qr4UZFBX0,908K views,1 year ago,    16:21  
Chandigarh Se Aate Hue Fortuner Me Badi Dikkat AaagyiğŸ˜¤,https://www.youtube.com/watch?v=a4SaTyRpBTQ,663K views,1 year ago,    8:32  
My First Music Video ShootğŸ˜in Chandigarh Film Cityâ¤ï¸,https://www.youtube.com/watch?v=QEtJ3xpzVLE,1M views,1 year ago,    11:44  
Finally Unboxing Iphone 14 ProğŸ˜‹ğŸ’°,https://www.youtube.com/watch?v=xuPgBN0C-q8,1.1M views,1 year ago,    18:07  
Police Prank On Team Harsh BeniwalğŸ¤£,https://www.youtube.com/watch?v=CDmtc0a5ZBo,2.5M views,1 year ago,    11:46  
BirthdayğŸ‚ Ko Khaas Din Bana Diyaâ¤ï¸,https://www.youtube.com/watch?v=rZskMScjxMA,1.1M views,1 year ago,    14:38  
My Birthday ğŸ‚ 2022â¤ï¸ğŸ™ğŸ»,https://www.youtube.com/watch?v=d9A7raBl2Qw,1.5M views,1 year ago,    20:22  
Fortuner Thok Di Ek Ladki NeğŸ˜¡* No Clickbait *,https://www.youtube.com/watch?v=zppIWLSlg_g,978K views,1 year ago,    21:10  
Police Prank On MummyğŸ¤£,https://www.youtube.com/watch?v=14Ep7AG7XdI,2.7M views,1 year ago,    14:28  
Is Bmw Better than Mercedes?ğŸ’°,https://www.youtube.com/watch?v=7AzEO6lILuU,1.5M views,1 year ago,    27:27  
Camera Me Capture Hogyi Galat CheezeğŸ¤£,https://www.youtube.com/watch?v=MdRmtXAzkYM,1.3M views,1 year ago,    18:01  
Who is My Girlfriendâ¤ï¸?,https://www.youtube.com/watch?v=FiSfQ4QEFDU,853K views,1 year ago,    12:33  
Finally Papa Pe Prank KardiyağŸ˜›,https://www.youtube.com/watch?v=JsXaPUyvfLM,2.8M views,1 year ago,    19:31  
Calling My HaterğŸ˜‚*First Time On Youtube *,https://www.youtube.com/watch?v=21nLhnCAI2U,1.6M views,1 year ago,    17:00  
Restaurant Wale Ne Kapde Dekh Ke Bezzati KardiğŸ™ğŸ»,https://www.youtube.com/watch?v=BNs_nA0YrNs,1M views,1 year ago,    15:01  
India Vs Pakistan ğŸ’”Boht Bura HuağŸ˜«,https://www.youtube.com/watch?v=kA9_ykji6oQ,516K views,1 year ago,    17:41  
5 Star Hotel Me à¤šà¥‹à¤°à¥€ Karli HumneğŸ¤£ğŸ’µ,https://www.youtube.com/watch?v=WTKdh4RY_W4,881K views,1 year ago,    19:07  
Finally Range Rover Sport Worth â‚¹1.8CroreğŸ˜ğŸ”¥,https://www.youtube.com/watch?v=4zeN-eV62Pg,1.4M views,1 year ago,    22:46  
Reacting To Payalzone MeetupğŸ¤£,https://www.youtube.com/watch?v=_Ny3dLe98M8,3M views,1 year ago,    14:19  
à¤¬à¥‡à¤Ÿà¥‡ à¤¨à¥‡ à¤¬à¤¾à¤ª à¤•à¥‹ à¤˜à¤° à¤¸à¥‡ à¤¨à¤¿à¤•à¤¾à¤² à¤¦à¤¿à¤¯à¤¾ğŸ’”GHOR KALYUG *Must Share*,https://www.youtube.com/watch?v=w0BgWYJxLNw,600K views,1 year ago,    15:54  
Bhoot Wala Prank Ulta Pad GayağŸ˜­ *No Clickbait *,https://www.youtube.com/watch?v=JzWYaRlFJE0,1.6M views,1 year ago,    23:11  
à¤‡à¤¸à¤¨à¥‡ à¤®à¥à¤à¥‡ à¤›à¥‡à¤¡à¤¼à¤¾ Prank Gone RealğŸ˜¡*No Clickbait*,https://www.youtube.com/watch?v=4g52tFx6KHU,1.4M views,1 year ago,    14:05  
à¤¬à¤¾à¤ª à¤¬à¤¾à¤ª à¤¹à¥‹à¤¤à¤¾ à¤¹à¥ˆğŸ˜ Ind Vs PakğŸ”¥,https://www.youtube.com/watch?v=Z-FzRNv7RHc,765K views,1 year ago,    23:29  
Range Rover Ki Limited Edition CarğŸ’°,https://www.youtube.com/watch?v=cE9_1dnE0-0,626K views,1 year ago,    8:47  
Buying @Ajju0008YT House For RealğŸ˜*No Clickbait *,https://www.youtube.com/watch?v=XBpX_y-D49I,757K views,1 year ago,    14:33  
Buying All New Mercedes Worth â‚¹65Lakhs With Youtube MoneyğŸ’°,https://www.youtube.com/watch?v=8HcVRCZf2mc,1.1M views,1 year ago,    20:38  
Mummy Reacting To Instagram ModelsğŸ˜‚,https://www.youtube.com/watch?v=YcvRa43nAW4,3.4M views,1 year ago,    17:51  
"Jolo Chip ChallengeğŸ”¥ Worth â‚¹2,00,000 ğŸ’°",https://www.youtube.com/watch?v=EHz7ns2h47w,3.4M views,1 year ago,    22:23  
Sameer Ki Dost Ne Mari Mujpe LineğŸ˜ *clickbait*,https://www.youtube.com/watch?v=JdnDOsvGtpU,1.6M views,1 year ago,    10:33  
Humare 7th Floor Pe Bhoot HaiğŸ˜¥ *No Clickbait*,https://www.youtube.com/watch?v=2KSOIR1j4hA,3M views,1 year ago,    20:16  
"Gifting My Mom â‚¹5,00,000 ğŸ’° Gift Gone WrongğŸ˜­",https://www.youtube.com/watch?v=euv2yHct5Yg,4.9M views,1 year ago,    20:38  
Aisa Meetup Kabhi Nahi HuağŸ˜,https://www.youtube.com/watch?v=Z-HFBRPaW3A,1.2M views,1 year ago,    20:20  
Police se Hui HathapaayiğŸ˜¡ *Clickbait*,https://www.youtube.com/watch?v=3snOG73LKeg,795K views,1 year ago,    12:55  
Shoot Ki SuhagraatğŸ˜*No Clickbait*,https://www.youtube.com/watch?v=4ZA_qx8QGxw,2.8M views,1 year ago,    18:38  
Nayi Ladki Ne Aate Hi Ladai KarliğŸ˜¡,https://www.youtube.com/watch?v=I7EU-v8O9hc,1.3M views,1 year ago,    18:34  
Patangbaazi à¤­à¤¾à¤°à¥€ à¤ªà¤¡à¤¼ Gayi(à¤—à¤²à¤¾ à¤•à¤Ÿ à¤œà¤¾à¤¤à¤¾ ) *No Clickbait*,https://www.youtube.com/watch?v=KOLRTqL8H9U,1.3M views,1 year ago,    24:15  
My Biggest Meetup At Tijara(Alwar) RajasthanğŸ˜,https://www.youtube.com/watch?v=nK_1Kqy4QB8,3.5M views,1 year ago,    17:37  
Kitne Paise Hogye Total Ngo MeğŸ™ğŸ»Tijara Meetup Readyâ¤ï¸,https://www.youtube.com/watch?v=dqug8kMwVrM,635K views,1 year ago,    12:01  
Papa Ji Ka Birthday â¤ï¸,https://www.youtube.com/watch?v=c_KvCjt49o0,1.4M views,1 year ago,    18:19  
Rakshabandhan Pe Mota Nuksan HogyağŸ˜¥*No ClickBait*,https://www.youtube.com/watch?v=R2NWay3Zb0k,1.4M views,1 year ago,    16:27  
Parking Ke Upar Ek Lady Se Ladai HogyiğŸ˜¨,https://www.youtube.com/watch?v=j7SOTqNI64Q,664K views,1 year ago,    11:54  
Fortuner Ki Second Service Me Kitna Kharcha AayağŸ˜­,https://www.youtube.com/watch?v=-1EKTnR5D7s,479K views,1 year ago,    16:15  
@RealHitVideos Dhamaal Macha Diya Bhaiyo Ke SathğŸ’ª,https://www.youtube.com/watch?v=TM6dWoS3Vx8,466K views,1 year ago,    11:55  
Meeting With Union Cabinet Minister Piyush Goyal JiğŸ™ğŸ»,https://www.youtube.com/watch?v=yuDG61URiv4,562K views,1 year ago,    12:15  
Meeting With Chief Minister SahabğŸ’ª,https://www.youtube.com/watch?v=NurctgNfbFw,665K views,1 year ago,    22:31  
Dubai Se Range Rover Import Karwara huâ¤ï¸,https://www.youtube.com/watch?v=G5crxiJN-K0,581K views,1 year ago,    14:06  
Kataria Or Archit Ki Ladai Solve KarwadiğŸ˜œ,https://www.youtube.com/watch?v=eEAytzr9w0w,793K views,1 year ago,    13:51  
New Car Final Hogayi â¤ï¸,https://www.youtube.com/watch?v=wGR0w3Ass34,655K views,1 year ago,    13:27  
Serious Wali Fight Hogyi Archit Or Kataria Ki,https://www.youtube.com/watch?v=OHHmUYwMKo4,2M views,1 year ago,    21:30  
New Girl Ne Ravi Ko I Love You Boldia,https://www.youtube.com/watch?v=JtZrbIwPivQ,1.4M views,1 year ago,    17:30  
Ye Kaise Possible Hai?,https://www.youtube.com/watch?v=7WWiHdhhBHI,1.5M views,1 year ago,    15:20  
Meri Aur Ajju Ki Ladai Hogayi ğŸ˜¥,https://www.youtube.com/watch?v=ZsUbc5yt0cQ,700K views,1 year ago,    12:12  
Aaj Zindagi Ka Last Din HotağŸ˜¨ *No Clickbait*,https://www.youtube.com/watch?v=06ziIAaLNyc,740K views,1 year ago,    12:25  
Hidden Place In Gurgaon (Mini Himachal)â¤ï¸,https://www.youtube.com/watch?v=9ByMC33FwwU,537K views,1 year ago,    13:52  
Accident Prank On MummyğŸ˜‚ *Gone Wrong*,https://www.youtube.com/watch?v=_5FDDXZguto,7.4M views,1 year ago,    20:36  
Fortuner Me Aagyi Badi DikkatğŸ˜¥,https://www.youtube.com/watch?v=7DfyA4iH4M8,563K views,1 year ago,    13:42  
My Lucknow Meetupâ¤ï¸ğŸ˜,https://www.youtube.com/watch?v=xrjfiytpTHI,1.9M views,1 year ago,    34:20  
Airport Pe Archit Ko Security Ne Pakad LiyağŸ˜¨,https://www.youtube.com/watch?v=tPpfc0UgejM,707K views,1 year ago,    11:49  
Ye Ladki Kaun Hai?ğŸ˜,https://www.youtube.com/watch?v=T5x-udjTTG0,572K views,1 year ago,    12:44  
Meet My Bestfriend â¤ï¸,https://www.youtube.com/watch?v=nHVt6XsH-OE,873K views,1 year ago,    11:34  
Bmw Z4 Final Kardi ğŸ˜ğŸ”¥,https://www.youtube.com/watch?v=pdA87MGD4QU,631K views,1 year ago,    11:59  
Bhangarh à¤•à¥‡ à¤•à¤¼à¤¿à¤²à¥‡ à¤•à¤¾ à¤…à¤¸à¤²à¥€ à¤¸à¤šğŸ˜®ğŸ˜®-Most Haunted Place Of India,https://www.youtube.com/watch?v=-s9cqgwpV5E,2M views,1 year ago,    18:56  
â‚¹200 Crore à¤•à¤¾ à¤®à¤¹à¤² Full Tourâ¤ï¸,https://www.youtube.com/watch?v=h9L0qq7sCtQ,374K views,1 year ago,    12:23  
Thar Paani Me Doob GayiğŸ˜­ğŸ¤£,https://www.youtube.com/watch?v=8DG7r44XpHo,595K views,1 year ago,    14:10  
Udaipur Ki Party Me Ladki Set Karli,https://www.youtube.com/watch?v=ajCc8OEWpjI,633K views,1 year ago,    12:39  
Udaipur Me Ghuste Hi Meetupâ¤ï¸Delhi To Udaipur âœˆï¸,https://www.youtube.com/watch?v=3XtWgEgGorM,537K views,1 year ago,    20:03  
Ajju Bhai Is BackğŸ˜Ek GoodNews Ek BadğŸ˜­,https://www.youtube.com/watch?v=6m55ln4oQ5k,684K views,1 year ago,    9:40  
NGO ka Naya Kaamâ¤ï¸Possible Kaise Hai?ğŸ¥º,https://www.youtube.com/watch?v=bNyyjrm3IiM,459K views,1 year ago,    14:10  
Emiway Vs KrsnağŸ”¥ğŸ”¥,https://www.youtube.com/watch?v=62N7B05mDyA,621K views,1 year ago,    19:50  
WOW!!ğŸ˜®Aisa Koi Kaise Kar Sakta Hai??,https://www.youtube.com/watch?v=PMtV92vy0PE,541K views,1 year ago,    15:11  
Hyundai Verna Vs Creta Drag Race-My last Drag Race ğŸ”¥,https://www.youtube.com/watch?v=Db-Z27zCYXk,902K views,1 year ago,    16:51  
â‚¹70 Hazaar Rupee Sasta Iphone 13Pro Max 1 Tb (No Clickbait),https://www.youtube.com/watch?v=BoiurnYON9I,927K views,1 year ago,    19:09  
Bike Pe Stunt à¤•à¤°à¤¨à¤¾ à¤ªà¤¡à¤¼ à¤—à¤¯à¤¾ à¤­à¤¾à¤°à¥€ğŸ”¥ğŸ˜­,https://www.youtube.com/watch?v=yAc-c_XgVI4,681K views,1 year ago,    11:21  
Shoot Pe Sameer Ki Kamar Tod DiğŸ˜‚,https://www.youtube.com/watch?v=9abK-F1EWyc,549K views,1 year ago,    14:37  
Gaadi Pe Kaunsa Flag LagwayağŸ˜,https://www.youtube.com/watch?v=XD4oK6cQUmY,680K views,1 year ago,    10:36  
Fortuner Modified PhirseğŸ˜,https://www.youtube.com/watch?v=43sH7yjZp6I,913K views,1 year ago,    10:32  
Scorpio 2022 First Test DriveğŸ˜ Full Review,https://www.youtube.com/watch?v=FTFRA8-yoMU,1.4M views,1 year ago,    27:31  
â‚¹100 Crore Ka FarmhouseğŸ”¥,https://www.youtube.com/watch?v=SwHJTD0RsCQ,920K views,1 year ago,    13:58  
Subh Subh Nuksaan HogayağŸ˜­ My Last Drag Race(BMW VS PORSCHE)ğŸ’ª,https://www.youtube.com/watch?v=qOOqfRYrJGU,1.4M views,1 year ago,    15:26  
Covid Me Drag Race(Legender vs Legender),https://www.youtube.com/watch?v=R-Nj2CIr3ok,540K views,1 year ago,    12:21  
Verna Ka â‚¹25Lakh Ka NumberğŸ˜REVEAL,https://www.youtube.com/watch?v=dxa7kohOdjc,780K views,1 year ago,    18:16  
My Opinion On Udaipur Case! ENOUGH IS ENOUGH,https://www.youtube.com/watch?v=BvF3LzQNc30,754K views,1 year ago,    17:24  
Range Rover Sport Ne Kamaal KardiyağŸ˜Drag Race ğŸ˜…,https://www.youtube.com/watch?v=5b0eGA0iq2Y,3.8M views,1 year ago,    21:26  
Mahindra Scorpio 2022ğŸ˜,https://www.youtube.com/watch?v=dyWYzABakS4,1.3M views,1 year ago,    17:47  
Ladai Hogayi Aaj TohğŸ˜¡,https://www.youtube.com/watch?v=bFjnESqfDvc,1M views,1 year ago,    18:41  
Hath Toot GayağŸ¥µ Surgery Needed,https://www.youtube.com/watch?v=95nzmH-hV_k,648K views,1 year ago,    20:52  
Acha Kaam Karne Chale The Lekin Ye Hogayaâ˜¹ï¸ - Donation Driveâ¤ï¸,https://www.youtube.com/watch?v=fysu6Wi_770,666K views,1 year ago,    21:22  
Creators Premier League Kari Organise â¤ï¸ğŸ˜- Match Palat GayağŸ˜…,https://www.youtube.com/watch?v=4a7yUEOV_yc,510K views,1 year ago,    17:41  
Apne NGO Ki Pehli Donation Driveâ¤ï¸Hua MeetupğŸ˜…,https://www.youtube.com/watch?v=hwNLSdlOrRw,724K views,1 year ago,    18:30  
Good News - Inke Murge Gayab Kardiye Mummy NeğŸ˜,https://www.youtube.com/watch?v=bfP1uLKCGiE,1.2M views,1 year ago,    16:02  
Kiraydaro Ne Naak Me Dum KardiyağŸ˜¡,https://www.youtube.com/watch?v=yQtHFctGc08,810K views,1 year ago,    19:25  
Naye Ghar Ka Interior Shuruâ¤ï¸,https://www.youtube.com/watch?v=g3BcuUNyu9Q,718K views,1 year ago,    15:26  
Ek Aur Rishta Aaya Mere Liyeâ¤ï¸,https://www.youtube.com/watch?v=pfkh52O3PBk,599K views,1 year ago,    8:13  
Fortuner Karwadi Z BlackğŸ˜,https://www.youtube.com/watch?v=Bo8gCS-dnMM,1.1M views,1 year ago,    18:47  
Boht Badi Good Newsâ¤ï¸,https://www.youtube.com/watch?v=JtOIIoJh_Lk,672K views,1 year ago,    13:06  
0001 Ki Party Humare Style Meâ¤ï¸,https://www.youtube.com/watch?v=ROBNBWnGJUQ,727K views,1 year ago,    15:58  
Fortuner Ki Number Plate Aagyiâ¤ï¸,https://www.youtube.com/watch?v=NQjgbrGoPzg,779K views,1 year ago,    16:12  
Kataria Ka Rishta Pakka Hogyaâ¤ï¸,https://www.youtube.com/watch?v=NEyZNk4-lr0,958K views,1 year ago,    13:31  
Boht Bada Nuksan HogyağŸ¤§ğŸ˜­Mummy Ne Khoob Sunayi,https://www.youtube.com/watch?v=ZyZIftyxJMY,740K views,1 year ago,    20:08  
Verna Pe Bhi Lagega VIP Numberâ¤ï¸,https://www.youtube.com/watch?v=y_1K2-comXE,623K views,1 year ago,    15:00  
Finally Fortuner Ka Number Aagyaâ¤ï¸,https://www.youtube.com/watch?v=lpcBfyjeORA,1.7M views,1 year ago,    23:52  
Isne I Love You Too BoldiyağŸ˜,https://www.youtube.com/watch?v=AX4QIVyt5lA,2.1M views,1 year ago,    14:40  
Badluck Poore Shoot PeğŸ˜ª,https://www.youtube.com/watch?v=Uhlhi2M57KY,441K views,1 year ago,    9:21  
Himanshi Ko Pasand Karta Hai LakshayğŸ˜,https://www.youtube.com/watch?v=8VZuJjVUsMQ,1.2M views,1 year ago,    14:35  
Fortuner Wrap Hoke Vapas Aagyiâ¤ï¸,https://www.youtube.com/watch?v=DILGSK08oZ4,1.2M views,1 year ago,    18:32  
Ek Or Fortuner Aagyi Group Meâ¤ï¸ğŸ™ğŸ»,https://www.youtube.com/watch?v=CwrquK4Wq8Y,815K views,1 year ago,    13:00  
New Roast ComingğŸ”¥ğŸ”¥,https://www.youtube.com/watch?v=Ha2o7he4SC8,737K views,1 year ago,    13:45  
Sara Mango Shake Khatam KardiyağŸ˜¢,https://www.youtube.com/watch?v=19t0voc2a6U,1M views,1 year ago,    10:03  
100 Crore Ka Farm HouseğŸ™€Chattarpur FarmsğŸ”¥,https://www.youtube.com/watch?v=FYl_uQCMY4I,651K views,1 year ago,    11:57  
Fortuner Pe Wrap Karwara HuğŸ”¥ğŸ”¥,https://www.youtube.com/watch?v=uQ6P-j5hfT8,809K views,1 year ago,    15:24  
Bhoot Bulane Ki Tayari Shuru | Ouija BoardğŸ˜°,https://www.youtube.com/watch?v=iCuvAmTtiBc,978K views,1 year ago,    13:03  
SHOCKING NEWS - SIDHU MOOSEWALA,https://www.youtube.com/watch?v=4-4NqASSAEI,2.7M views,1 year ago,    12:19  
Meri society Ki BHOOTIYA KahaaniğŸ˜°,https://www.youtube.com/watch?v=_HulKaE-9Z4,1.6M views,1 year ago,    13:23  
Shoot Pe Sabko Dara DiyağŸ˜‚,https://www.youtube.com/watch?v=bZXZjAXxaYY,882K views,1 year ago,    13:41  
Chahat Ko I Love You Boldiya IsneğŸ˜,https://www.youtube.com/watch?v=x5XYpIFKctA,2.9M views,1 year ago,    14:05  
Fortuner GRs First ReviewğŸ˜ | Shoulder Injury Hogyi |ğŸ˜¢,https://www.youtube.com/watch?v=onmmYRia6E4,966K views,1 year ago,    15:57  
Papa Ban Gaye Khatro Ke KhilaadiğŸ”¥,https://www.youtube.com/watch?v=TMCg-HUV4zk,656K views,1 year ago,    11:48  
Toyota Helux Book KardiğŸš˜â¤ï¸,https://www.youtube.com/watch?v=K_V-eUIuk0Q,730K views,1 year ago,    14:06  
Meri Shadi Ki Date FixğŸ˜,https://www.youtube.com/watch?v=H5fGn7U1e_c,736K views,1 year ago,    11:00  
Chahat Ki New Car Ki TestingğŸ”¥ğŸ˜,https://www.youtube.com/watch?v=_3PuHMd70Ac,1.5M views,1 year ago,    12:55  
Youtubers Ki Shadi Season Shuruâ¤ï¸,https://www.youtube.com/watch?v=EtpUiOq4hr8,603K views,1 year ago,    11:01  
Meri à¤¶à¤¾à¤¦à¥€ à¤•à¤¿à¤¸à¤¸à¥‡ Hori Haiâ¤ï¸,https://www.youtube.com/watch?v=CFvjgOKZ2V4,1.2M views,1 year ago,    13:31  
Chahat Ko Kaun Pasand HaiğŸ˜‚â¤ï¸,https://www.youtube.com/watch?v=ksGyS0f33mA,2.7M views,1 year ago,    12:00  
Trip Khatam Hote Hote Bad NewsğŸ˜© Manali To Delhi,https://www.youtube.com/watch?v=1gfUB-4oXOk,748K views,1 year ago,    12:33  
à¤®à¥Œà¤¤ à¤¸à¥‡ 10 Seconds Se Bach GayeğŸ˜¢,https://www.youtube.com/watch?v=GnPLg7HDzX0,922K views,1 year ago,    16:38  
Riding Indian Army Tanks - Indo-China Border ğŸ‡¨ğŸ‡³,https://www.youtube.com/watch?v=yajEVVsYDfI,1M views,1 year ago,    15:27  
Fortuner Fass Gayi - Trip EndsğŸ˜¢,https://www.youtube.com/watch?v=Bmbcvyjn-9k,812K views,1 year ago,    10:51  
Fortuner Ki Aisi Halat Kabhi Nahi HuiğŸ˜­ - Pangong Lake To Hanle,https://www.youtube.com/watch?v=aiL30HGK1_s,1M views,1 year ago,    14:44  
Ladakh Me  Laga Anti National CaseğŸ˜© Leh To Pangong LakeğŸ”,https://www.youtube.com/watch?v=BQcJMag2kfY,908K views,1 year ago,    14:26  
Police Ke Sath Ladai Hogyi Magnetic Hill Pe ğŸ˜¡,https://www.youtube.com/watch?v=r60TBT9Glj0,2M views,1 year ago,    10:07  
18000 Feet Pe Ladai Hogyi - Khardungla Pass ğŸ”Second Highest Motorable Pass,https://www.youtube.com/watch?v=URtWWGhgAvo,849K views,1 year ago,    12:19  
Marte Marte Bache Hawabazi Ke Chakkar MeğŸ˜­,https://www.youtube.com/watch?v=0m-RmwyW8GE,748K views,1 year ago,    14:36  
Live Accident In Ladakh ğŸ˜¢,https://www.youtube.com/watch?v=qR9C48kRMUw,900K views,1 year ago,    11:35  
Oxygen Problem In Ladakh ğŸ˜¢ à¤¬à¥‡à¤¹à¥‹à¤¶ à¤¹à¥‹à¤—à¤¾à¤¯à¤¾,https://www.youtube.com/watch?v=pz3fPpY5CaM,1M views,1 year ago,    12:12  
Landslide Accident - Indian Army à¤¨à¥‡ à¤¬à¤šà¤¾à¤ˆ à¤¹à¤®à¤¾à¤°à¥€ à¤œà¤¾à¤¨ ğŸ˜¢,https://www.youtube.com/watch?v=BTpoRae0uKI,1M views,1 year ago,    14:20  
Atal Tunnel Pe Police Ne Pakad Liya ğŸš¨,https://www.youtube.com/watch?v=Gh_bypkSrrQ,1M views,1 year ago,    12:51  
Chandigarh Ki à¤­à¥‚à¤¤à¤¿à¤¯à¤¾ Society - Real Ghost SpottedğŸ”¥ Ladakh Roadtrip,https://www.youtube.com/watch?v=3aaikHWOrHE,1.1M views,1 year ago,    12:12  
à¤¯à¥‡ à¤¹à¥ˆ à¤¸à¤šà¥à¤šà¤¾à¤ˆ ğŸ”¥,https://www.youtube.com/watch?v=u9sCO0oaS0k,863K views,1 year ago,    13:52  
MY OPINION !!!,https://www.youtube.com/watch?v=vFyTWeY5Axg,911K views,1 year ago,    13:46  
Delhi Ke Hospital Me Ye Nahi Karna ThağŸ˜©,https://www.youtube.com/watch?v=Vhiojl5mOz4,527K views,1 year ago,    11:11  
15000 Feet Ka Trek Karunga Akele - Mummy Ne DaantağŸ˜¢,https://www.youtube.com/watch?v=IZTZMWTBXfM,602K views,1 year ago,    11:11  
Kisi Ne Khud Se Aag Lagayi Iski Gadi MeğŸ˜¡,https://www.youtube.com/watch?v=lS8J-wmDH0I,685K views,1 year ago,    14:56  
Lakshay Ki Gaadi Me Aag Lag GayiğŸ˜£,https://www.youtube.com/watch?v=ilnsvXCoTFU,892K views,1 year ago,    13:47  
Fortuner Vs Xuv 700 Petrol Drag Race,https://www.youtube.com/watch?v=C6mVd8LHx_0,1.7M views,1 year ago,    20:46  
Shoot Pe à¤¸à¤¾à¤à¤ª Ne Kaat LiyağŸ˜©,https://www.youtube.com/watch?v=1y1TxUlFTYw,799K views,1 year ago,    11:30  
Chahat Ka Rishta Pakka Karwadiyaâ¤ï¸,https://www.youtube.com/watch?v=YLebP1S8zVU,1.1M views,1 year ago,    16:02  
Shoot Pe Dia â‚¹100000 Ka Challenge ğŸ’°,https://www.youtube.com/watch?v=Ele5021y9EI,841K views,1 year ago,    13:36  
â‚¹100000 Ki Shopping- Mummy Ne Khoob SunaiğŸ˜¡(Kgf Honest Review),https://www.youtube.com/watch?v=FX4zBOMmGpE,1.1M views,1 year ago,    15:54  
Boht Time Baad Aisa Meetup Huaâ¤ï¸,https://www.youtube.com/watch?v=RHjIr2ZLsNk,875K views,1 year ago,    15:07  
Shoot Pe Ye Nahi Hona Chahiye ThağŸ˜¡,https://www.youtube.com/watch?v=u9qqFaoaMJc,1.3M views,1 year ago,    15:01  
Fortuner Pe 0001 Nahi Toh Kya Chadega,https://www.youtube.com/watch?v=Fb1icUzgtVQ,739K views,1 year ago,    18:47  
21 Lakh Ki Bid Pe Mummy Ne Khoob SunayiğŸ¥º,https://www.youtube.com/watch?v=PIZz2lkN6vk,1M views,1 year ago,    11:07  
Haryana Ke Saare Record Tod DiyeğŸ”¥VIP Number Bidding,https://www.youtube.com/watch?v=s5RC3Q-KXSE,2.3M views,1 year ago,    16:06  
Delhi Police Ne Pakad LiyağŸ¥µ(Delhi To Chandigarh)VIP Number Fortuner,https://www.youtube.com/watch?v=muFfLY9nMa0,830K views,1 year ago,    10:07  
Milind Gaba Weds Pria Beniwal â¤ï¸,https://www.youtube.com/watch?v=q5bNg974rFc,2.3M views,1 year ago,    12:59  
Noida Me Bhi Kardiya Meet Upâ¤ï¸,https://www.youtube.com/watch?v=qROdIBZUa5Y,717K views,1 year ago,    13:22  
Sidhu Moosewala Ki Wajah Se Hui FightğŸ¥µ,https://www.youtube.com/watch?v=YFCSJnf-AoU,754K views,1 year ago,    14:54  
New Car Ki Delivery â¤ï¸,https://www.youtube.com/watch?v=KEVGxoyUcOw,1.2M views,1 year ago,    14:05  
Ek Or Nayi Gaadiâ¤ï¸ @KARANSEHGALVLOGS,https://www.youtube.com/watch?v=n_SMpVCkDaI,1.3M views,1 year ago,    15:42  
Xuv 700 Ki Planning Shuru(Full Review) Full Features â¤ï¸,https://www.youtube.com/watch?v=ZsAQm3OKdt4,2.2M views,1 year ago,    31:59  
Ek Or Gaadi Aagyi Finallyâ¤ï¸,https://www.youtube.com/watch?v=iAGf0GCngUY,892K views,1 year ago,    13:21  
Papa Ne Car Final KardiğŸ”¥,https://www.youtube.com/watch?v=vOwwDWZEgQo,1M views,1 year ago,    15:07  
Tata Tiago Ya Wagon R ConfusedğŸ¥µ,https://www.youtube.com/watch?v=2kSzDF_l6sc,894K views,1 year ago,    13:32  
Buying New Car For Papa Jiâ¤ï¸,https://www.youtube.com/watch?v=YSo-cjzYjIs,1.2M views,1 year ago,    18:16  
Desi Boyfriend Kab Aari Hai?ğŸ”¥,https://www.youtube.com/watch?v=FvbpS19SRWA,443K views,1 year ago,    8:30  
Gurgaon Wala Pyara Meetup â¤ï¸,https://www.youtube.com/watch?v=V7t5EmR1coA,1M views,1 year ago,    13:08  
Rishte Ki Baat Kaha Tak PochiğŸ˜,https://www.youtube.com/watch?v=zfvlRQtG4yg,891K views,1 year ago,    13:05  
IPL Se Jeet Gaya Mota Paisa ğŸ’°ğŸ”¥*No ClickBait*,https://www.youtube.com/watch?v=bKOCyaQ97lk,504K views,1 year ago,    15:17  
Mere Liye Ek Rishta Aaya HaiğŸ˜Œ,https://www.youtube.com/watch?v=sSlKM-krkFI,1.8M views,1 year ago,    16:13  
Fortuner 2022 Facelift Vs Fortuner Legender Drag RaceğŸ”¥ğŸ”¥,https://www.youtube.com/watch?v=QrRmuETz3EI,963K views,1 year ago,    14:20  
Mg Gloster Vs Fortuner Honest Review,https://www.youtube.com/watch?v=DrsguNI40ac,718K views,1 year ago,    17:18  
Fortuner Pe Karwali Nano Shield CoatingğŸ˜,https://www.youtube.com/watch?v=XVX8Y-_jdLc,619K views,1 year ago,    14:14  
Next Trip Final HogayiğŸ˜ğŸ˜,https://www.youtube.com/watch?v=0_iGlnF2FXY,550K views,1 year ago,    17:03  
Arm Wrestling With @Ajju0008YT à¤•à¥Œà¤¨ à¤œà¥€à¤¤à¤¾ à¤ªà¤‚à¤œà¥‡ à¤®à¥‡à¤‚ ?ğŸ”¥,https://www.youtube.com/watch?v=m5VrICoRiI8,708K views,1 year ago,    19:25  
Nas*He Wali Chocolates Khaake Ghar Chala GayağŸ¥µ,https://www.youtube.com/watch?v=0ZvX7J4c8S8,860K views,1 year ago,    17:23  
â‚¹1.5 Lakh Ka Scam Hogya Mere SathğŸ˜­,https://www.youtube.com/watch?v=QPUipJW6XxU,759K views,1 year ago,    14:57  
Tata Harrier Vs Verna Drag RaceğŸ”¥,https://www.youtube.com/watch?v=zoBT2vxwRBw,1.3M views,1 year ago,    16:57  
Xuv 700 Vs Fortuner Legender Drag RaceğŸ”¥,https://www.youtube.com/watch?v=uxhqF_DQX90,1.6M views,1 year ago,    23:59  
Fortuner Number Plate Reveal?ğŸ˜,https://www.youtube.com/watch?v=yrOxev8Fsg8,746K views,1 year ago,    14:07  
Is Xuv 700 Better Than Fortuner?ğŸ˜¡,https://www.youtube.com/watch?v=I9MrdZZByvU,686K views,1 year ago,    15:07  
Papa Se Gwagon Ke 2 Crore Mang LiyeğŸ¥µ,https://www.youtube.com/watch?v=ASorKygMu-8,1.6M views,1 year ago,    12:30  
@lakshaychaudhary ke Sath Hogayi Real FightğŸ¥µğŸ”¥,https://www.youtube.com/watch?v=k7u1GgwpQvs,1.8M views,1 year ago,    13:27  
Feminism Ke Side Effects ğŸ”¥,https://www.youtube.com/watch?v=_EmQeZszoF0,584K views,1 year ago,    11:29  
Bhaang Peeke Ghar Chala GayağŸ¥µ,https://www.youtube.com/watch?v=Lj-hKuPLGFE,2.6M views,1 year ago,    14:23  
à¤¹à¥‹à¤²à¥€ Pe Bhang Peeke Set HogyeğŸ”¥,https://www.youtube.com/watch?v=SyBTfQ8GYTw,997K views,1 year ago,    14:53  
Open Challenge To @lakshaychaudhary ğŸ”¥ğŸ”¥,https://www.youtube.com/watch?v=rIWvMWC1QAM,1.2M views,1 year ago,    12:04  
Police Should Take Action @ArunPanwarx,https://www.youtube.com/watch?v=7yP0YP2i514,1.2M views,1 year ago,    18:41  
The Kashmir Files Honest Review,https://www.youtube.com/watch?v=26N_6C_-kuA,891K views,1 year ago,    17:35  
Jaguar XE Vs Fortuner Drag RaceğŸ”¥ğŸ”¥,https://www.youtube.com/watch?v=eLIBj89R2OA,1.7M views,1 year ago,    22:42  
à¤²à¤  à¤®à¤¾à¤° Holi Ke Sath Sath Mathura Me MeetupğŸ˜ğŸ˜,https://www.youtube.com/watch?v=VVQXwd3H2ZI,955K views,1 year ago,    16:55  
Mathura Aate Hi Hua MeetupğŸ”¥,https://www.youtube.com/watch?v=cRJKyK33Q5o,980K views,1 year ago,    18:04  
UP Elections Aise Jeete Yogi JiğŸ˜ğŸ˜,https://www.youtube.com/watch?v=rdo1QtTavnk,837K views,1 year ago,    12:36  
Sab Shock Hogye Ye SunkeğŸ˜¹ğŸ˜¹*UP Elections Special *,https://www.youtube.com/watch?v=AxYzZ1ATHE4,1.2M views,1 year ago,    21:04  
Installing Loudest Bass Tube in My Fortuner ğŸ˜ğŸº,https://www.youtube.com/watch?v=xcs8zA1Nsvg,1.7M views,1 year ago,    17:36  
Gwagon FinallyğŸ˜ğŸ˜ğŸ˜,https://www.youtube.com/watch?v=Wt5FVe6nPqg,3M views,1 year ago,    19:33  
@ArunPanwarx Bhai Se Fortuner Ka Review KarwaliyağŸ˜,https://www.youtube.com/watch?v=oMvuTuTya7M,833K views,1 year ago,    16:25  
Asking Money For GwagonğŸ”¥ğŸ”¥,https://www.youtube.com/watch?v=OCJ8carkQm0,1.8M views,1 year ago,    16:30  
Finally Gwagon Aari Hai à¤œà¤¼à¤®à¥€à¤¨ à¤¬à¥‡à¤š à¤•à¥‡ ğŸ˜ğŸ˜,https://www.youtube.com/watch?v=tjQKz0OpvkU,1M views,1 year ago,    22:47  
Ye Kaam Zaruri ThağŸ¥µ,https://www.youtube.com/watch?v=gPRGyk8U-gw,498K views,1 year ago,    18:40  
Thar Vs Fortuner(Legender) Drag Race-The Real KingğŸ˜,https://www.youtube.com/watch?v=0XZUFOE5DhI,1.4M views,1 year ago,    18:52  
Fortuner Vs Thar Drag Race-Real King DekhloğŸ˜,https://www.youtube.com/watch?v=IZiUvzXs9bQ,1.3M views,1 year ago,    17:14  
Ajju Bhai Ladki Ke Chakkar Me Fass Gaya,https://www.youtube.com/watch?v=zFUuCP2O4dA,749K views,1 year ago,    17:14  
Habibi Controversy EndsğŸ¤—,https://www.youtube.com/watch?v=5bUvNqTnbsM,851K views,1 year ago,    16:13  
Toyota Ke Showroom Pe Hua MeetupğŸ˜,https://www.youtube.com/watch?v=xjfmkW1BPWI,634K views,1 year ago,    17:26  
Verna Me à¤šà¥‹à¤°à¥€ Ke Tyres DalwadiyeğŸ˜,https://www.youtube.com/watch?v=ffg8JLQWPPQ,796K views,1 year ago,    15:57  
Fortuner Me Phir Lag Gaye PaiseğŸ˜­,https://www.youtube.com/watch?v=Uf5YxSifYms,671K views,1 year ago,    19:32  
Fortuner Ka Hogaya AccidentğŸ’”,https://www.youtube.com/watch?v=lcWWFQvdqPk,708K views,1 year ago,    15:18  
Archit Ki Setting KarwadiğŸ¤£,https://www.youtube.com/watch?v=EDHoaUDiOeQ,876K views,1 year ago,    14:49  
@Maxtern Ko Challenge Karna Pad Gaya BhariğŸ¤£,https://www.youtube.com/watch?v=KBwTLNwNA_g,574K views,1 year ago,    15:11  
Habibi Ke Malik Ko Rula DiyağŸ¤£ Legender Vs Habibi,https://www.youtube.com/watch?v=Vtq-2Q6Y6ek,1.1M views,1 year ago,    15:47  
Prank On Chahat Gone Wrong ğŸ˜°,https://www.youtube.com/watch?v=-xrDFK1ZvCI,2.1M views,1 year ago,    15:39  
Shoot Pe Ladki Ke Peeche Ladai Hogayi,https://www.youtube.com/watch?v=xgoYkoVAXcc,2.2M views,1 year ago,    18:21  
"Aaj â‚¹120,000 Rupee Ka Nuksaan HogayağŸ˜°",https://www.youtube.com/watch?v=gGi9oj4bj90,674K views,1 year ago,    21:26  
First Service Ke Bad Hi Dikkat AagyiğŸ˜°,https://www.youtube.com/watch?v=R3JiOyE4cP8,686K views,1 year ago,    18:40  
Fortuner Ki Pehli Service Me Kitna Kharcha Aaya,https://www.youtube.com/watch?v=_f2p_Kh6Vrk,681K views,1 year ago,    18:23  
Fortuner Ka Number Finally Aa Gaya,https://www.youtube.com/watch?v=K2bCQ_kyULM,923K views,1 year ago,    16:18  
Bhalai Ka Zamana Hi Nahi- Kaat Liya Kutte NeğŸ˜°,https://www.youtube.com/watch?v=ysc1b5Paqhc,1.1M views,1 year ago,    24:50  
Normal Fever ya Covid Positive?ğŸ˜°,https://www.youtube.com/watch?v=FC89TqIyCCQ,1.1M views,1 year ago,    13:47  
Mazak Mazak Me Serious Ladai HogayiğŸ˜°,https://www.youtube.com/watch?v=RolRrJNcroc,2.1M views,1 year ago,    28:29  
Kia Seltos Vs Fortuner Legender Drag RaceğŸ”¥*Unbelievable*,https://www.youtube.com/watch?v=7_XdtATwqP8,1.6M views,1 year ago,    25:05  
Meri Life Ka Bada Decision ğŸ˜£ Sab Shock Hogaye,https://www.youtube.com/watch?v=0Oev8fsSZ54,923K views,1 year ago,    23:20  
Hodal ki Bhootiya Haveli Pe Chale Gaye HumğŸ˜°*SHOCKED*,https://www.youtube.com/watch?v=CHN4Wtb5UZU,1.5M views,1 year ago,    24:17  
Fortuner Fass Gayi Offroading MeğŸ˜°,https://www.youtube.com/watch?v=nWwJ9jHhoCU,1.3M views,1 year ago,    21:28  
Meri Shadi Hori Hai ğŸ˜­,https://www.youtube.com/watch?v=pL_uWjpYUOM,1M views,1 year ago,    23:43  
Lo Fir Hogayi Shoot Pe LadaiğŸ˜°,https://www.youtube.com/watch?v=JFrdvi6THMY,2M views,1 year ago,    27:33  
Ahir Regiment Protest Wala MeetupğŸ˜°,https://www.youtube.com/watch?v=jzP6YfD70iQ,1M views,1 year ago,    20:53  
Gwagon Kab Aari Hai?,https://www.youtube.com/watch?v=8BY_G-9P67g,807K views,1 year ago,    18:04  
Next Trip Final HogayiğŸ˜ğŸ˜,https://www.youtube.com/watch?v=LI5Y1U2Jyvs,849K views,1 year ago,    33:56  
Anoop Bhai Ke Gav Ki Bhootiya HaveliğŸ˜° - Real Ghost Stories,https://www.youtube.com/watch?v=CESNEIx4FEU,1M views,1 year ago,    19:36  
Fortuner Se Out Of Country RoadtripğŸ˜,https://www.youtube.com/watch?v=WCVeftzNWl4,989K views,1 year ago,    17:54  
My Jaipur Meetup ğŸ”¥- Biggest Meetup In Indian Youtube History,https://www.youtube.com/watch?v=Gf-7cZ__3zE,2.5M views,1 year ago,    17:19  
Jaipur Me Fortuner Ke Sath Hogya Kand - Exploring Jaipur | Bhaukaal 2,https://www.youtube.com/watch?v=uQoDmiMoXHg,1.1M views,1 year ago,    23:55  
Jaipur Se Pehle Hi Hogyi Ladai - Kumbalgarh to Jaipur,https://www.youtube.com/watch?v=iWJXgdFplMM,997K views,1 year ago,    18:46  
Langoor Ne Kiya Mujhpe Bhi AttackğŸ˜° - Udaipur To Kumbalgarh,https://www.youtube.com/watch?v=T5ZeusF41vE,921K views,1 year ago,    20:58  
@Ajju0008YT Bhai Ko Kaat Liya Langoor Ne- Exploring Udaipur,https://www.youtube.com/watch?v=iw6Q2G8WN8s,1.1M views,1 year ago,    21:45  
200 Ki Speed Se Bhaga Di FortunerğŸ”¥- Jaisalmer To Udaipur,https://www.youtube.com/watch?v=1sBn5hiaCgQ,981K views,1 year ago,    13:19  
Thar Desert Me Hua Accident ğŸ˜°- Fortuner Fass Gayi,https://www.youtube.com/watch?v=DRWzRT9WdZM,1.6M views,1 year ago,    17:27  
Pakistan Chala Gya Fortuner Se- Jaisalmer To India Pakistan Border,https://www.youtube.com/watch?v=GUV_41vcg3U,3.2M views,1 year ago,    26:42  
Rajasthan Ke Fort Me Ye Kya DekhliyağŸ˜° - Jodhpur To Jaisalmer,https://www.youtube.com/watch?v=kKZXAwGK2Io,906K views,1 year ago,    20:05  
@MRINDIANHACKER Bhai Ne Meri Fortuner ke Sath Experiment Kardiya,https://www.youtube.com/watch?v=2ncY95DU930,2.9M views,1 year ago,    17:32  
Elvish Yadav Exposed- Gurgaon to Rajasthan Roadtrip,https://www.youtube.com/watch?v=rbYtAleplHY,1.1M views,1 year ago,    17:54  
Paise Chaapne Wali Machine Le Aaya,https://www.youtube.com/watch?v=a78gwTZz0rg,1.4M views,1 year ago,    20:10  
Anoop Bhai Ke Gav Me Hogayi Ladai,https://www.youtube.com/watch?v=CbXRN14Uk7g,1.4M views,1 year ago,    21:27  
Fight - Me Vs @KARANSEHGALVLOGS,https://www.youtube.com/watch?v=q0p6NtdaIcc,587K views,1 year ago,    14:59  
Fortuner Vs Mercedes E Class Drag Race @KARANSEHGALVLOGS,https://www.youtube.com/watch?v=Ui6OLFhY8Mg,3.1M views,1 year ago,    25:03  
Next Trip Kaha or Kab?,https://www.youtube.com/watch?v=Zhdt_ZfBMEI,686K views,1 year ago,    23:07  
Roast Kab Ayega?,https://www.youtube.com/watch?v=BqrPgqUnlo4,601K views,1 year ago,    14:53  
Shoot Pe Hogayi Ladai,https://www.youtube.com/watch?v=5IPEpzCc3wY,4.1M views,1 year ago,    18:40  
Aaj Mera Murder Hojata,https://www.youtube.com/watch?v=03zmyixDr6s,535K views,1 year ago,    15:19  
Papa Ke Sath Long Drive Pe Chalte Hai,https://www.youtube.com/watch?v=KJTI4V6xVaU,1.2M views,1 year ago,    21:38  
Anoop Bhai Ka 500 Crore Ka Housetour,https://www.youtube.com/watch?v=TvB9H0UUhmw,5.5M views,1 year ago,    17:08  
Teeno Fortuner Ek Sath. Fir Milenge@souravjoshivlogs7028,https://www.youtube.com/watch?v=0QcVUOZ0RXs,2.3M views,1 year ago,    14:01  
@souravjoshivlogs7028 Driving My Fortuner,https://www.youtube.com/watch?v=sado936YHn4,2.7M views,1 year ago,    30:22  
Playing Cricket With Team @souravjoshivlogs7028  and Team @Ajju0008YT,https://www.youtube.com/watch?v=QfAve3vPpJ8,2.4M views,1 year ago,    20:57  
Off-roading Karke Maza Aagya @souravjoshivlogs7028 @Ajju0008YT,https://www.youtube.com/watch?v=1bBkF6iFZb4,1.6M views,1 year ago,    15:49  
@souravjoshivlogs7028 Bhai Ko Pasand Agyi Meri Fortuner,https://www.youtube.com/watch?v=8B3U0tDQ0F8,1M views,1 year ago,    15:57  
Goa Me Aake Hogye Covid Positive,https://www.youtube.com/watch?v=ENs0cAJT2uY,677K views,1 year ago,    15:04  
Kataria Ko Gift Kardi RussianğŸ’°ğŸ”¥,https://www.youtube.com/watch?v=AfQRIqBEjTw,1.9M views,1 year ago,    22:21  
Goa Me Hui Ladai ğŸ˜¡,https://www.youtube.com/watch?v=hjAlHMXZcOk,5.2M views,1 year ago,    15:31  
Paani Me Fek Dia Beach Pe,https://www.youtube.com/watch?v=ykM6prbards,1.5M views,1 year ago,    13:38  
New Year Party Dhamaka At Goa ğŸ”¥Episode 2,https://www.youtube.com/watch?v=0I4xOrhhrig,540K views,1 year ago,    9:41  
Delhi to Goa - Airport Pe Hua Kand,https://www.youtube.com/watch?v=9lJPFrLpHKY,760K views,1 year ago,    16:07  
Goa Shopping Me Fook Diya Mota Paisa Mummy Pareshan,https://www.youtube.com/watch?v=ARZnlgu4gTg,905K views,1 year ago,    22:22  
Meeting Tejasvi Surya At His Residence,https://www.youtube.com/watch?v=6mZRiwPQagw,569K views,1 year ago,    9:02  
Fortuner Pe Chadwa Diya VIP Number,https://www.youtube.com/watch?v=QBZEHHtSny4,978K views,1 year ago,    13:37  
50 Lakh Ki Shart Lag Gayi ğŸ’° Fortuner Girvi@TheUK07Rider @KARANSEHGALVLOGS,https://www.youtube.com/watch?v=mF5aOCx1UhI,610K views,1 year ago,    12:25  
Riding Superbike For The First Time @KARANSEHGALVLOGS @TheUK07Rider,https://www.youtube.com/watch?v=HIOQQQp8CSM,3M views,1 year ago,    19:31  
Fortuner Legender Vs Endeavour Drag Race,https://www.youtube.com/watch?v=Qx679XhI70s,2.6M views,1 year ago,    14:46  
Fortuner Ki Pehli Pooja,https://www.youtube.com/watch?v=6plsSw0d2qw,745K views,1 year ago,    16:51  
Yogi Ji Iska Illaj Kab Karenge? *Controversial*,https://www.youtube.com/watch?v=nGhMt2zNaTc,479K views,1 year ago,    10:20  
Nikal Liye Yogi Ji Se Milne,https://www.youtube.com/watch?v=Zhj-B4eizeU,758K views,1 year ago,    13:57  
Papa Ne Dhamka  DiyağŸ˜¥,https://www.youtube.com/watch?v=Dj__-XLPL88,1.5M views,1 year ago,    16:38  
Mummy Ne Kardi Controversy,https://www.youtube.com/watch?v=Et-83vWpb4c,711K views,1 year ago,    14:27  
Fortuner Me Fir Laga Diye Paise,https://www.youtube.com/watch?v=CCiut_N-2ak,721K views,1 year ago,    15:10  
Paragliding Pad Gayi Mehngi (Sissu to Manali) Episode 7,https://www.youtube.com/watch?v=dxVH4wlxrQc,1.1M views,1 year ago,    17:19  
Fortuner Snow Me Fass Gayi Episode 6,https://www.youtube.com/watch?v=sJKH2SKEabk,2.7M views,1 year ago,    17:22  
Driving Fortuner In Atal Tunnel (Manali to Sissu)Episode 5,https://www.youtube.com/watch?v=fIZ2pvopirI,912K views,1 year ago,    10:04  
Kasol Me Marte Marte Bach Gaya (Episode 4),https://www.youtube.com/watch?v=GdvWWeeEPdE,1M views,1 year ago,    12:08  
Itni Thand Zindagi Me Nahi lagi ğŸ¥¶ (Episode 3),https://www.youtube.com/watch?v=gGkiQGtirHo,786K views,1 year ago,    10:31  
Himachal Me Fortuner Thok Di (Episode 2),https://www.youtube.com/watch?v=P1FtmDBPxxY,1.1M views,1 year ago,    13:54  
Nikal Gaye Himachal (Episode-1) Himachal Series,https://www.youtube.com/watch?v=94HdS-G3Bk4,818K views,1 year ago,    9:49  
Fortuner Vs Legender Drag Race,https://www.youtube.com/watch?v=DorZuqhh81c,1.7M views,1 year ago,    9:59  
Drag Race Hojaye Ek?,https://www.youtube.com/watch?v=qVCADSyFPh8,616K views,1 year ago,    10:06  
Meri Fortuner Ka Poora Review,https://www.youtube.com/watch?v=DTRTXv41Huo,1.1M views,1 year ago,    17:21  
Gadi Review karne se pehle hua kand,https://www.youtube.com/watch?v=G2HuN8PXWWU,804K views,1 year ago,    11:34  
My New House Tour,https://www.youtube.com/watch?v=7M8qteio_0A,6.4M views,1 year ago,    12:01  
Fortuner me Laga diya paisa,https://www.youtube.com/watch?v=nBU-ZBC-IjM,1.2M views,1 year ago,    9:19  
Finally Nayi Gaadi Ki Delivery Leli,https://www.youtube.com/watch?v=PwMdp2FAd5A,4.9M views,1 year ago,    7:15  
Gaadi Ki Delivery Lene Nikal Gaye,https://www.youtube.com/watch?v=62Td9HU-5Wo,989K views,1 year ago,    11:11  
Fortuner Ki Khas Baat (Done Kardi),https://www.youtube.com/watch?v=xEviOEyWCvw,1.1M views,1 year ago,    16:59  
Volvo Ne Hosh Uda Diye (Last Car Showroom),https://www.youtube.com/watch?v=L9SEWniVagc,1M views,1 year ago,    7:08  
Mercedes Kardi Final?,https://www.youtube.com/watch?v=hNRcelmy8Gw,936K views,1 year ago,    10:54  
Bmw vs Jeep Wrangler (Showroom me hui Bhes),https://www.youtube.com/watch?v=5m4J06EEEgc,1M views,1 year ago,    9:10  
My New Car Audi worth 2.5 crore,https://www.youtube.com/watch?v=6pgR7VOx9UU,1.4M views,1 year ago,    11:22  
Meeting With Finance Minister Of India in Lucknow,https://www.youtube.com/watch?v=4ECoBSgNqiA,995K views,1 year ago,    11:34  
UP Election Kaun Jeetega? Lucknow vlog,https://www.youtube.com/watch?v=H9x_CnZdcqQ,790K views,1 year ago,    12:41  
Fortuner Vs Endeavour Kaunsi Car Lu?,https://www.youtube.com/watch?v=1WmfDRzRJc8,1.2M views,1 year ago,    15:40  
Youtubers Trying Javelin Throw ğŸ”¥ - Elvish Yadav Vlogs,https://www.youtube.com/watch?v=tQpvfimFQ54,388K views,1 year ago,    13:41  
MY BIRTHDAY VLOG ğŸ‚- Elvish Yadav Vlogs,https://www.youtube.com/watch?v=S0RIM8FcUEI,915K views,1 year ago,    14:38  
GOODBYE GAURAVZONE,https://www.youtube.com/watch?v=02Qgm9R_QUo,1.5M views,2 years ago,    8:14  
Elvish Yadav On Instagram Reels,https://www.youtube.com/watch?v=qpfS8xRA-Gs,1.6M views,2 years ago,    10:58  
DESH KE GADDAR (INDIA VS PAK) - Elvish Yadav Vlogs,https://www.youtube.com/watch?v=FBjmen3Vpec,1.1M views,2 years ago,    10:13  
Elvish Yadav On Bangladeshi Hindus,https://www.youtube.com/watch?v=uvd35s0HYQ4,866K views,2 years ago,    6:53  
ELVISH YADAV ON ARYAN KHAN,https://www.youtube.com/watch?v=QYMPXRyT55c,1.5M views,2 years ago,    9:55  
ELVISH YADAV ROASTING AAMIR MAJID,https://www.youtube.com/watch?v=2-kYM5WHfTI,3.1M views,2 years ago,    9:01  
Elvish Yadav Roasting Arman Malik(Family Fitness),https://www.youtube.com/watch?v=5PTR94eqTBU,4.4M views,2 years ago,    8:02  
SWARA BHASKER ROAST - ELVISH YADAV,https://www.youtube.com/watch?v=dZJXxvH3QjU,1.9M views,2 years ago,    8:08  
ELVISH YADAV ON INDIAN LIBER@LS,https://www.youtube.com/watch?v=4TEXrBIfSag,1.3M views,2 years ago,    7:30  
ELVISH YADAV ROASTING JOGINDER AND LUCKNOW GIRL,https://www.youtube.com/watch?v=V0ZvDvSXuIM,3.2M views,2 years ago,    10:37  
DHRUV RATHEE,https://www.youtube.com/watch?v=EZs6eR24g0g,4.5M views,2 years ago,    16:22  
Paragliding Me Marte Marte Bach Gaya,https://www.youtube.com/watch?v=4FMh-zOmcUA,1.3M views,2 years ago,    13:25  
Gadi Khai Me Gir Jati â˜¹ï¸,https://www.youtube.com/watch?v=CYej5SNIAa4,737K views,2 years ago,    10:16  
Gurgaon To Himachal Roadtrip In DumpherğŸ˜Œ,https://www.youtube.com/watch?v=ufWFg14SLpY,1.1M views,2 years ago,    10:52  
Elvish Yadav Roasting Instagram Models,https://www.youtube.com/watch?v=fAA3hz3HX9s,3.4M views,2 years ago,    13:27  
MY NEW STUDIO TOUR,https://www.youtube.com/watch?v=UczORTiWm4I,1.4M views,2 years ago,    13:35  
MY NEW HOUSE IN MAKING TOUR,https://www.youtube.com/watch?v=HzRMV2keMcU,1.2M views,2 years ago,    14:26  
MARK KISKE PAS RAHEGA?,https://www.youtube.com/watch?v=evJylz8toZs,5.2M views,2 years ago,    9:19  
MARK KO VAPAS LARA HU ğŸ¶,https://www.youtube.com/watch?v=RrcaRyioNsY,1.9M views,2 years ago,    10:10  
GOODBYE MARK ğŸ˜,https://www.youtube.com/watch?v=W5IiaHSqMhw,2.6M views,2 years ago,    8:03  
MY FIRST DOG ğŸ¶ - Mom's SHOCKING REACTION,https://www.youtube.com/watch?v=PBtIxDGZUCY,4.2M views,2 years ago,    13:52  
Kaunsi Vaccine badhia hai? Elvish yadav vlogs,https://www.youtube.com/watch?v=8AloRxQ5QpA,566K views,2 years ago,    12:43  
Mummy Muje kutta Chahiye ğŸ¶,https://www.youtube.com/watch?v=qz2QnRhYS2c,1.1M views,2 years ago,    11:46  
Elvish yadav on Bengal Elections 2021,https://www.youtube.com/watch?v=dNhz72lYtJQ,1.7M views,2 years ago,    13:24  
Pakistani Roadies Is funny - Elvish yadav,https://www.youtube.com/watch?v=tlBrUBlmHsE,1.5M views,2 years ago,    11:08  
Elvish Yadav Roasting Cringe Indian Tv Ads,https://www.youtube.com/watch?v=LzZ-02Gv2-g,1.5M views,2 years ago,    9:17  
Elvish Yadav On Kumbh Mela,https://www.youtube.com/watch?v=U1_CGZPNni0,1.9M views,2 years ago,    10:34  
Elvish Yadav On Board Exams 2021,https://www.youtube.com/watch?v=JLVOKJrS4pk,1.6M views,2 years ago,    11:01  
MERE PYARE SAMEER BHAIYA,https://www.youtube.com/watch?v=BsnBKOkGQeg,2.6M views,2 years ago,    12:58  
Elvish Yadav Roasting Instagram Ke Devta,https://www.youtube.com/watch?v=rz6tBA1wHY4,2.7M views,2 years ago,    11:55  
Elvish Yadav On Zomato And Road Rage,https://www.youtube.com/watch?v=H6hHDjWXjHQ,2.9M views,2 years ago,    9:27  
Elvish Yadav Roasting Chain Marketing,https://www.youtube.com/watch?v=M1bLLjj1Llk,1.2M views,2 years ago,    9:59  
Instagram ke Doctors - Elvish Yadav Roast,https://www.youtube.com/watch?v=0Vz1Goynp8Y,2.6M views,2 years ago,    8:24  
Elvish Yadav Roasting famehouse,https://www.youtube.com/watch?v=ER0ZgqHBEAE,2.5M views,2 years ago,    8:02  
Elvish Yadav Roasting Instagram Reels,https://www.youtube.com/watch?v=o55ge7ungF0,3.6M views,2 years ago,    8:02  
ELVISH YADAV ON HINDUPHOBIC WEBSERIES,https://www.youtube.com/watch?v=WttV3l44Ht8,2.9M views,2 years ago,    10:12  
DIWALI AND POLLUTION : REALITY OR MYTH - ELVISH YADAV,https://www.youtube.com/watch?v=Pf6xO-fAcMw,1.3M views,3 years ago,    6:10  
REALITY OF BABA KA DHABA - ELVISH YADAV,https://www.youtube.com/watch?v=Hd_k4S595Hw,3.4M views,3 years ago,    10:02  
ELVISH YADAV ROASTING RHEA CHAKRABORTY,https://www.youtube.com/watch?v=VuC7vnZY3m4,3.2M views,3 years ago,    11:39  
ELVISH YADAV ON TIKTOK AGAIN,https://www.youtube.com/watch?v=vsMM8AucVIA,6.5M views,3 years ago,    11:44  
ELVISH YADAV ROASTING STANDUP COMEDIANS,https://www.youtube.com/watch?v=35tM_7QsFl4,3.7M views,3 years ago,    8:13  
ELVISH YADAV ROASTING KUNAL KAMRA,https://www.youtube.com/watch?v=YHVpQvZnIDQ,4M views,3 years ago,    8:40  
ELVISH YADAV ROASTING FAKE FEMINISTS,https://www.youtube.com/watch?v=43sdRHs1CLo,4.3M views,3 years ago,    11:13  
ELVISH YADAV FINAL REPLY ON TIKTOK VS YOUTUBE,https://www.youtube.com/watch?v=AeccoV_R0kQ,10M views,3 years ago,    16:57  
ELVISH YADAV ROASTING ROADIES,https://www.youtube.com/watch?v=OYfdjflZbBc,5.7M views,3 years ago,    8:20  
ELVISH YADAV ROASTING  TIKTOKERS,https://www.youtube.com/watch?v=a5cn9F8Oisc,13M views,3 years ago,    12:19  
MY GOA VILLA TOUR - ELVISH YADAV,https://www.youtube.com/watch?v=rEO5pocbuy8,946K views,3 years ago,    6:56  
HOW TO PICK GIRLS IN GOA - ELVISH YADAV,https://www.youtube.com/watch?v=WNR882_ZSWE,425K views,3 years ago,    12:02  
DESI PEOPLE IN GOA - ELVISH YADAV,https://www.youtube.com/watch?v=ywbvZpe8cjk,267K views,3 years ago,    10:18  
FIGHT AT SHOOT - ELVISH YADAV,https://www.youtube.com/watch?v=o3rp0zEMa5k,894K views,3 years ago,    10:06  
BADLUCK PURI SHOOT ME - ELVISH YADAV,https://www.youtube.com/watch?v=Wzn057sUhws,470K views,3 years ago,    10:24  
MY HOUSE IS HAUNTED,https://www.youtube.com/watch?v=VlDgG_YFdVk,448K views,3 years ago,    10:06  
MY NEW HOUSE/OFFICE TOUR- ELVISH YADAV,https://www.youtube.com/watch?v=t4BVm0K3pq0,2.8M views,3 years ago,    10:02  
Getting married in malana- elvish yadav,https://www.youtube.com/watch?v=0shCHNJF3UA,306K views,3 years ago,    11:17  
FOUND A WATERFALL IN TOSH - ELVISH YADAV,https://www.youtube.com/watch?v=5mJYrGWCcqQ,178K views,3 years ago,    11:52  
DELHI TO TOSH - ELVISH YADAV VLOGS,https://www.youtube.com/watch?v=FV2LQ1YcWJ0,275K views,3 years ago,    8:37  
Delhi to Hyderabad with round2hell- elvish yadav,https://www.youtube.com/watch?v=0PBsXLlCEQU,2.6M views,3 years ago,    11:45  
